sample,latitude,longitude
Autumn 2019,47.55019926672393,-122.3145682821536
Autumn 2019,47.55225918676025,-122.31759733739958
Autumn 2019,47.54969097507881,-122.31244564823919
Autumn 2019,47.5503336129509,-122.31304081434048
Autumn 2019,47.550391121842694,-122.31289394049868
Autumn 2019,47.55109998950308,-122.31627732789887
Autumn 2019,47.552334673135626,-122.3174069061163
Autumn 2019,47.56952332366568,-122.31882627613147
Autumn 2019,47.569380561690025,-122.31948398825186
Autumn 2019,47.57164268129288,-122.31888278381317
Autumn 2019,47.57834648169367,-122.31776481785765
Autumn 2019,47.661996312417834,-122.32108695637476
Autumn 2019,47.59943468978488,-122.33426346514047
Autumn 2019,47.55331091563371,-122.31823514453146
Autumn 2019,47.55317986965652,-122.31833507695188
Autumn 2019,47.667931075776465,-122.38630648813981
Autumn 2019,47.66684031312156,-122.38667033913202
Autumn 2019,47.6017456778065,-122.32540037425464
Autumn 2019,47.58631831697392,-122.32003342367858
Autumn 2019,47.66149193092964,-122.37572212528758
Autumn 2019,47.666786683067905,-122.32151435080682
Autumn 2019,47.66379214411127,-122.32080252599414
Autumn 2019,47.66390632161162,-122.32079455102603
Autumn 2019,47.68319369089481,-122.32310468473919
Autumn 2019,47.681369067821535,-122.32072702864247
Autumn 2019,47.68660616307162,-122.32609860411925
Autumn 2019,47.68662539976378,-122.32504061362967
Autumn 2019,47.69629833432728,-122.32961582617489
Autumn 2019,47.69655058896238,-122.33074463478658
Autumn 2019,47.7130928195198,-122.32685293345224
Autumn 2019,47.5956346609172,-122.3192810408264
Autumn 2019,47.59665542405885,-122.31751635190408
Autumn 2019,47.59729051420468,-122.316794053589
Autumn 2019,47.597201638227375,-122.31961534951267
Autumn 2019,47.599158924737644,-122.31971776463216
Autumn 2019,47.59874274220606,-122.3206704221602
Autumn 2019,47.60570052817013,-122.32927376412928
Autumn 2019,47.60550563754544,-122.3277258826866
Autumn 2019,47.60820930352806,-122.33013805349661
Autumn 2019,47.608107734753474,-122.33159485581469
Autumn 2019,47.61701008818893,-122.3284067094823
Autumn 2019,47.61641150554748,-122.32824223205407
Autumn 2019,47.614870713528816,-122.32923079028701
Autumn 2019,47.62041675654945,-122.32848598535921
Autumn 2019,47.62483175240614,-122.3322449121891
Autumn 2019,47.62545964707567,-122.3319283634283
Autumn 2019,47.62659498650038,-122.329301299519
Autumn 2019,47.62608035317134,-122.3273226072469
Autumn 2019,47.629732660067894,-122.32758962600568
Autumn 2019,47.56084094225412,-122.32097225685783
Autumn 2019,47.56067805555897,-122.32035424581063
Autumn 2019,47.56081296686201,-122.32064281725245
Autumn 2019,47.56129241206987,-122.32107099919332
Autumn 2019,47.56165384424561,-122.32054515269705
Autumn 2019,47.56175718180817,-122.32062124606733
Autumn 2019,47.592082359047,-122.30936640264044
Autumn 2019,47.590126634199024,-122.31030396571846
Autumn 2019,47.65357429877848,-122.36071824342407
Autumn 2019,47.653714552618254,-122.35972062484049
Autumn 2019,47.6614050709968,-122.36926338189264
Autumn 2019,47.66325403359339,-122.36637255204076
Autumn 2019,47.66280060782522,-122.36915656781834
Autumn 2019,47.66544644730966,-122.37507537740936
Autumn 2019,47.66481523436005,-122.3793158033009
Autumn 2019,47.67115000038604,-122.38428615546101
Autumn 2019,47.666435610301725,-122.38585474237901
Autumn 2019,47.62852362009691,-122.36858389182026
Autumn 2019,47.626111656950734,-122.36599607823138
Autumn 2019,47.66730235912183,-122.38732227585895
Autumn 2019,47.627509201303916,-122.36752212396235
Autumn 2019,47.61765715528828,-122.35148586848875
Autumn 2019,47.61268847660152,-122.33668513380421
Autumn 2019,47.60353603107786,-122.33692903516364
Autumn 2019,47.603549398696195,-122.3368488765929
Autumn 2019,47.602369341542904,-122.33639933815287
Autumn 2019,47.60230797335094,-122.3369669087669
Autumn 2019,47.60368020584542,-122.33703169578352
Autumn 2019,47.601222542693215,-122.33530434168429
Autumn 2019,47.60300392158517,-122.3313263985141
Autumn 2019,47.60258453211446,-122.32927084376225
Autumn 2019,47.59560544669334,-122.3250837951605
Autumn 2019,47.596098387653186,-122.32564697678261
Autumn 2019,47.59461605643752,-122.32637089673703
Autumn 2019,47.54785733637108,-122.31224226300175
Autumn 2019,47.55426832094877,-122.31955541259657
Autumn 2019,47.55029140354786,-122.32967901147816
Autumn 2019,47.554665974463404,-122.32843818973976
Autumn 2019,47.554402570415576,-122.32895965558109
Autumn 2019,47.55182807058764,-122.31782911444178
Autumn 2019,47.550409152045546,-122.31601943310564
Autumn 2019,47.55163306685861,-122.32075996439474
Autumn 2019,47.5548754534376,-122.33210102727229
Autumn 2019,47.55281343439845,-122.33139397275535
Autumn 2019,47.550499935366915,-122.33487711755274
Autumn 2019,47.55263908144344,-122.33602971038522
Autumn 2019,47.54678534891742,-122.31479413175805
Autumn 2019,47.54539266768264,-122.33361448711575
Autumn 2019,47.54568550751043,-122.3340265111748
Autumn 2019,47.546416582902424,-122.33386044698504
Autumn 2019,47.68302724012397,-122.32195767034953
Autumn 2019,47.68283604301692,-122.32188866739348
Autumn 2019,47.682425867451414,-122.32231145328616
Autumn 2019,47.60259203206507,-122.32439762541478
Autumn 2019,47.60260579299788,-122.3250124836252
Autumn 2019,47.60318843429606,-122.32518232672149
Autumn 2019,47.603628471508515,-122.32483089938691
Autumn 2019,47.60335024642482,-122.32536420345502
Autumn 2019,47.60238161676172,-122.32479912070927
Autumn 2019,47.602204081398725,-122.32457455623282
Autumn 2019,47.60350021905769,-122.32469962829995
Autumn 2019,47.60239172563953,-122.32498848853707
Autumn 2019,47.60356016225382,-122.32484007895856
Autumn 2019,47.60257961856256,-122.3246307712015
Autumn 2019,47.602222872715565,-122.32519950387174
Autumn 2019,47.60201873371922,-122.3245423680853
Autumn 2019,47.60225038076755,-122.32527704579427
Autumn 2019,47.60300789489259,-122.32447096488374
Autumn 2019,47.59916421583687,-122.32278614194598
Autumn 2019,47.59870791285019,-122.32215566029649
Autumn 2019,47.59974119751954,-122.32246295383545
Autumn 2019,47.5989778898602,-122.32264047762453
Autumn 2019,47.5986539233672,-122.32286043808801
Autumn 2019,47.599407857920085,-122.32221722759496
Autumn 2019,47.5911701729373,-122.31775000869817
Autumn 2019,47.59089399782369,-122.31781243923292
Autumn 2019,47.59148824541975,-122.31765265605185
Autumn 2019,47.5909334751056,-122.31745548882941
Autumn 2019,47.59150179801429,-122.31839108007775
Autumn 2019,47.58842039457916,-122.31988500504498
Autumn 2019,47.588889744272045,-122.32021440481125
Autumn 2019,47.58984676951538,-122.31980352385716
Autumn 2019,47.58999327333807,-122.32014404253466
Autumn 2019,47.56729606684428,-122.31991496464813
Autumn 2019,47.56690911285079,-122.31978755414542
Autumn 2019,47.5868511935422,-122.31885872622257
Autumn 2019,47.58710898322771,-122.31942147701132
Autumn 2019,47.586286029738275,-122.31939967969578
Autumn 2019,47.580645512463605,-122.3183033975846
Autumn 2019,47.58091493909007,-122.3190829860697
Autumn 2019,47.580737028862586,-122.31834022511286
Autumn 2019,47.58097818765723,-122.31889508600743
Autumn 2019,47.58004368434182,-122.3185757983125
Autumn 2019,47.58010013269024,-122.31867248437781
Autumn 2019,47.59023126895812,-122.31994106794019
Autumn 2019,47.59022387871144,-122.31972075806125
Autumn 2019,47.59076798360127,-122.31931356251904
Autumn 2019,47.607421765141275,-122.33162212488813
Autumn 2019,47.60799405510707,-122.33142455493439
Autumn 2019,47.59990405595229,-122.32456861064237
Autumn 2019,47.601304807640666,-122.32448028733761
Autumn 2019,47.60095089378678,-122.32436971256034
Autumn 2019,47.60120605633111,-122.32475555447664
Autumn 2019,47.6009272522244,-122.32471887078502
Autumn 2019,47.60067182223676,-122.32442573942284
Autumn 2019,47.60102194387151,-122.3241458508275
Autumn 2019,47.60013575545682,-122.32487316897925
Autumn 2019,47.6003798087112,-122.32397373790123
Autumn 2019,47.59990029238378,-122.32412210691453
Autumn 2019,47.60117762685584,-122.32480793574045
Autumn 2019,47.60119853237856,-122.32469825121872
Autumn 2019,47.66187040925539,-122.32106691605162
Autumn 2019,47.661964039393226,-122.3216914534419
Autumn 2019,47.66168543798506,-122.32131521467257
Autumn 2019,47.595213654166116,-122.31581309496441
Autumn 2019,47.59429448314639,-122.31507656855761
Autumn 2019,47.59541489623747,-122.31866122163055
Autumn 2019,47.59427186170748,-122.31898234365008
Autumn 2019,47.594094886938294,-122.31955977282225
Autumn 2019,47.59483819652364,-122.31904369272604
Autumn 2019,47.594839334951516,-122.31880302336342
Autumn 2019,47.594495844926726,-122.3195442640091
Autumn 2019,47.594365356621715,-122.31930254644159
Autumn 2019,47.59499809202356,-122.31938142517049
Autumn 2019,47.59483134761878,-122.31865172131413
Autumn 2019,47.595724608897484,-122.3192675480527
Autumn 2019,47.5944437944224,-122.31865072077765
Autumn 2019,47.59500407953615,-122.31895212676743
Autumn 2019,47.59459599795046,-122.31949057658073
Autumn 2019,47.59429597453827,-122.3188804352602
Autumn 2019,47.5947426439667,-122.31925528549623
Autumn 2019,47.595047994744704,-122.31878116002581
Autumn 2019,47.5941894548838,-122.31873318870245
Autumn 2019,47.59421912183555,-122.31912630324918
Autumn 2019,47.59517177888723,-122.3189344739519
Autumn 2019,47.59489495471417,-122.31892005255922
Autumn 2019,47.59489973270172,-122.31886513421084
Autumn 2019,47.59509038761876,-122.31880252642387
Autumn 2019,47.595099648442826,-122.31869217322856
Autumn 2019,47.59436269887865,-122.31875413001103
Autumn 2019,47.594300335738026,-122.31900908554758
Autumn 2019,47.59547280785575,-122.31951285342234
Autumn 2019,47.594952550864086,-122.31946421183443
Autumn 2019,47.59446501050067,-122.31880830514348
Autumn 2019,47.59455734455557,-122.31896359582228
Autumn 2019,47.5946888042879,-122.31912504483684
Autumn 2019,47.59467324063188,-122.31855822529343
Autumn 2019,47.59432803300296,-122.31952727222215
Autumn 2019,47.594822608493374,-122.31938195699774
Autumn 2019,47.594135689528215,-122.3191193468527
Autumn 2019,47.59522399249845,-122.31923516891158
Autumn 2019,47.59484677355936,-122.3189195521349
Autumn 2019,47.595595008923574,-122.31892039584098
Autumn 2019,47.59482455752059,-122.31895269460964
Autumn 2019,47.59570523720161,-122.31863025381533
Autumn 2019,47.59550144043267,-122.31874130517492
Autumn 2019,47.594627510271785,-122.31899945003417
Autumn 2019,47.594304170471084,-122.31924292109478
Autumn 2019,47.59514298528982,-122.3193418156862
Autumn 2019,47.594978873658626,-122.31890628903055
Autumn 2019,47.59488699466949,-122.31944518100946
Autumn 2019,47.595343777537394,-122.31889687583813
Autumn 2019,47.59570164330876,-122.31892871084462
Autumn 2019,47.59533812275885,-122.31884256478031
Autumn 2019,47.59465405033658,-122.31917571412122
Autumn 2019,47.59461653164954,-122.31902258326136
Autumn 2019,47.59489037539393,-122.31715754779643
Autumn 2019,47.594750822651044,-122.31662814021385
Autumn 2019,47.595144920942985,-122.31687453719066
Autumn 2019,47.5944414089803,-122.31681878801656
Autumn 2019,47.59537919948818,-122.31761058579369
Autumn 2019,47.59383587683057,-122.3184522608013
Autumn 2019,47.593499331066546,-122.31869758366902
Autumn 2019,47.5935886732883,-122.31859192392307
Autumn 2019,47.59425235990329,-122.31832573486155
Autumn 2019,47.59385079054082,-122.3183634630558
Autumn 2019,47.62551796871464,-122.3665323505708
Autumn 2019,47.62619515822314,-122.36570938111386
Autumn 2019,47.6258190034253,-122.36644213488017
Autumn 2019,47.626230231230025,-122.36653043803092
Autumn 2019,47.625332865552245,-122.36609502971434
Autumn 2019,47.625910370105565,-122.3659863232588
Autumn 2019,47.70722546196445,-122.33161093856513
Autumn 2019,47.707311668493155,-122.33097024322689
Autumn 2019,47.70679057222766,-122.33085975134411
Autumn 2019,47.707425156056495,-122.33163630427018
Autumn 2019,47.70696385771922,-122.33150497406663
Autumn 2019,47.60379954193877,-122.32615912530649
Autumn 2019,47.60408548504918,-122.32637951699056
Autumn 2019,47.602988566503065,-122.32585425553192
Autumn 2019,47.60372582037051,-122.32543953623033
Autumn 2019,47.603565678595864,-122.32543278860916
Autumn 2019,47.60327294390033,-122.32625047434681
Autumn 2019,47.603717134491355,-122.32569558190193
Autumn 2019,47.60335688476916,-122.32609332618935
Autumn 2019,47.60417221819628,-122.32577367591445
Autumn 2019,47.6037512540485,-122.3255486181288
Autumn 2019,47.60430751462948,-122.32627628545157
Autumn 2019,47.60374218905543,-122.32534104588099
Autumn 2019,47.604101446373065,-122.32598618360865
Autumn 2019,47.6034264048491,-122.32590275708066
Autumn 2019,47.60304487502808,-122.32609031171151
Autumn 2019,47.604052350725276,-122.32569987976885
Autumn 2019,47.603073464086194,-122.32639229482386
Autumn 2019,47.602897297086464,-122.3261716416463
Autumn 2019,47.6038657934441,-122.32630174201687
Autumn 2019,47.6032871485359,-122.32604434944996
Autumn 2019,47.60325035288849,-122.32590911173253
Autumn 2019,47.60398844173451,-122.32566585077505
Autumn 2019,47.60340685584192,-122.32633920862914
Autumn 2019,47.6039786699861,-122.32575493971882
Autumn 2019,47.604206686467585,-122.32574596945003
Autumn 2019,47.604027377313066,-122.32601805107238
Autumn 2019,47.6035244956773,-122.32598109821319
Autumn 2019,47.60376938168194,-122.3259005619766
Autumn 2019,47.604305171331546,-122.32616636866612
Autumn 2019,47.6035984689507,-122.3262107081716
Autumn 2019,47.604223391078115,-122.32632219463437
Autumn 2019,47.604080625089814,-122.32559562851053
Autumn 2019,47.60500485594464,-122.32587092969624
Autumn 2019,47.60462899067582,-122.32610802292211
Autumn 2019,47.66690001330801,-122.32118041451844
Autumn 2019,47.66565010053603,-122.32138960038108
Autumn 2019,47.665990061388484,-122.32100552859315
Autumn 2019,47.66633245498024,-122.32181068187774
Autumn 2019,47.66701254917838,-122.32119721199874
Autumn 2019,47.66504489269819,-122.32062964363529
Autumn 2019,47.66511087532025,-122.320725280745
Autumn 2019,47.66618706508484,-122.32245021352585
Autumn 2019,47.665238209067255,-122.32267064520165
Autumn 2019,47.67925257242838,-122.32167200205525
Autumn 2019,47.67894140130737,-122.3210321686013
Autumn 2019,47.67903977318,-122.3214049899777
Autumn 2019,47.678353045648954,-122.32188992696722
Autumn 2019,47.67874550549611,-122.3215631885493
Autumn 2019,47.67856131366572,-122.32145068396063
Autumn 2019,47.67934905580064,-122.32190779331451
Autumn 2019,47.679611369137504,-122.32131397992646
Autumn 2019,47.678684577642336,-122.3212892969327
Autumn 2019,47.67991920267838,-122.3220572857616
Autumn 2019,47.67985996336845,-122.32113035456376
Autumn 2019,47.67934526828317,-122.32183704079226
Autumn 2019,47.685466410782766,-122.32333080117327
Autumn 2019,47.685513065958524,-122.32400484770861
Autumn 2019,47.68463322947504,-122.32388824945392
Autumn 2019,47.68584014867255,-122.32534435878038
Autumn 2019,47.68601296898319,-122.32482488802205
Autumn 2019,47.69537274891829,-122.33041592549077
Autumn 2019,47.69639129281337,-122.32977782450556
Autumn 2019,47.69840131698002,-122.33029201342676
Autumn 2019,47.69748058053937,-122.32983926502202
Autumn 2019,47.698193689422126,-122.32976674193081
Autumn 2019,47.71314310212307,-122.32778571148884
Autumn 2019,47.71386522175198,-122.32795392352983
Autumn 2019,47.71331799498542,-122.32752050088742
Autumn 2019,47.724928020159176,-122.32504016410307
Autumn 2019,47.72353591702567,-122.324882433507
Autumn 2019,47.72371245523185,-122.32464296305216
Autumn 2019,47.59924002024598,-122.31924447750319
Autumn 2019,47.600481076565295,-122.31898340091632
Autumn 2019,47.59929542024924,-122.31979446258437
Autumn 2019,47.598884426421975,-122.32303657291168
Autumn 2019,47.600073473819535,-122.3227156869903
Autumn 2019,47.60243851872482,-122.32630126289222
Autumn 2019,47.60206631575821,-122.32603845127228
Autumn 2019,47.60473185426329,-122.3291887701801
Autumn 2019,47.604979094842236,-122.32865882259821
Autumn 2019,47.60871828213965,-122.3306422769596
Autumn 2019,47.609016664954105,-122.33146191967919
Autumn 2019,47.62282775305436,-122.32909610268862
Autumn 2019,47.62262618898478,-122.32886571859545
Autumn 2019,47.626316228588514,-122.32781075743198
Autumn 2019,47.626196536149905,-122.32757013796994
Autumn 2019,47.62600828121309,-122.32740219298138
Autumn 2019,47.62549254022866,-122.3280606092734
Autumn 2019,47.62644393349319,-122.32864865423761
Autumn 2019,47.62684639511547,-122.32912102586486
Autumn 2019,47.62897768805878,-122.3264405987105
Autumn 2019,47.629491028678736,-122.32652348051352
Autumn 2019,47.57339052063774,-122.31915552702303
Autumn 2019,47.57273646587769,-122.31963164979798
Autumn 2019,47.57079472270434,-122.32018262077122
Autumn 2019,47.57160824976522,-122.31967728957173
Autumn 2019,47.59185584881292,-122.30827210827047
Autumn 2019,47.59104242443751,-122.30851409875865
Autumn 2019,47.59221256662108,-122.30751272421232
Autumn 2019,47.5911885095196,-122.30773754570438
Autumn 2019,47.591975336996754,-122.30755059651153
Autumn 2019,47.59142342522245,-122.30800530155206
Autumn 2019,47.59124014494313,-122.30768345310521
Autumn 2019,47.59034669205938,-122.30844206919332
Autumn 2019,47.59081289125917,-122.30862304665565
Autumn 2019,47.59025859120777,-122.3083430439347
Autumn 2019,47.59033504499864,-122.30776038020531
Autumn 2019,47.59097740761713,-122.30843958811322
Autumn 2019,47.590254939289075,-122.30792133160772
Autumn 2019,47.59094641973808,-122.30800280588308
Autumn 2019,47.591377014096764,-122.31125769538708
Autumn 2019,47.591185624498735,-122.31084905645098
Autumn 2019,47.59069028749322,-122.3113403870692
Autumn 2019,47.59030766875729,-122.30882825842824
Autumn 2019,47.5896427834755,-122.30883373159631
Autumn 2019,47.58948644294556,-122.30904395988173
Autumn 2019,47.59052401825383,-122.30970277868784
Autumn 2019,47.590366299373294,-122.30874055795289
Autumn 2019,47.58964561439788,-122.308983687993
Autumn 2019,47.590497643879516,-122.30700783385096
Autumn 2019,47.5906063399239,-122.30773937018199
Autumn 2019,47.59073247694256,-122.30702744665963
Autumn 2019,47.59008876915299,-122.30572898900725
Autumn 2019,47.58887093907787,-122.30622488899336
Autumn 2019,47.58942857648324,-122.30655911207539
Autumn 2019,47.59029213134715,-122.30575514173819
Autumn 2019,47.58877585177192,-122.30665659941656
Autumn 2019,47.590051898622164,-122.30634285266751
Autumn 2019,47.5886920562507,-122.306278279705
Autumn 2019,47.58935151804266,-122.30655348020646
Autumn 2019,47.590129307892575,-122.30647202158806
Autumn 2019,47.5903255456713,-122.306206007722
Autumn 2019,47.58948337528384,-122.30592916871433
Autumn 2019,47.58938076113194,-122.30675264343233
Autumn 2019,47.59025898057995,-122.30641235576894
Autumn 2019,47.588941991024925,-122.30593797617317
Autumn 2019,47.58973761273299,-122.30664875547214
Autumn 2019,47.58931962081773,-122.30290152312843
Autumn 2019,47.58934376265374,-122.30229384788939
Autumn 2019,47.589617464544645,-122.30305661950091
Autumn 2019,47.58902786924554,-122.30227445919431
Autumn 2019,47.589387015339575,-122.30333102805021
Autumn 2019,47.59018899598768,-122.30225008536712
Autumn 2019,47.58950360625689,-122.30329701599348
Autumn 2019,47.589175549975046,-122.30284232927936
Autumn 2019,47.64914386664765,-122.34438502528114
Autumn 2019,47.64924514962773,-122.34456046424982
Autumn 2019,47.66410934571329,-122.38038537539022
Autumn 2019,47.66501622665066,-122.37996953467989
Autumn 2019,47.66487015430107,-122.37948256694119
Autumn 2019,47.632777109246206,-122.37463466064406
Autumn 2019,47.63300549934396,-122.37418595777997
Autumn 2019,47.632380283371106,-122.3749879347492
Autumn 2019,47.63285408462138,-122.37398748048756
Autumn 2019,47.632152882676316,-122.3748722414697
Autumn 2019,47.62750277950514,-122.36856579325247
Autumn 2019,47.62694497474999,-122.36785190379918
Autumn 2019,47.62731617337191,-122.36789312568956
Autumn 2019,47.62598071178953,-122.3667052152197
Autumn 2019,47.627158058229035,-122.36657260572449
Autumn 2019,47.62650171561953,-122.35726553517073
Autumn 2019,47.62571024133692,-122.35745965014749
Autumn 2019,47.62681745690537,-122.35729396222015
Autumn 2019,47.62446710106627,-122.35536936208547
Autumn 2019,47.624004319405934,-122.35604502547233
Autumn 2019,47.62425324419838,-122.35339587493138
Autumn 2019,47.624027094024434,-122.35330747466912
Autumn 2019,47.6023781047569,-122.33638592733642
Autumn 2019,47.602847097304924,-122.33624520562293
Autumn 2019,47.60217952918768,-122.32767093080248
Autumn 2019,47.602541593173186,-122.32740685576765
Autumn 2019,47.55116677134466,-122.32890837571281
Autumn 2019,47.55228490163222,-122.32903262841305
Autumn 2019,47.550960134360764,-122.32517253377868
Autumn 2019,47.550568588733924,-122.32592915341158
Autumn 2019,47.549951679825845,-122.32583986651558
Autumn 2019,47.551193119177775,-122.32515617445962
Autumn 2019,47.550366401359035,-122.32513100201356
Autumn 2019,47.55056427064717,-122.32515324691664
Autumn 2019,47.55401655589439,-122.32174609852653
Autumn 2019,47.55325382755067,-122.3221380514587
Summer 2019,47.70983165918944,-122.31540575292165
Summer 2019,47.662728976350905,-122.37084508684354
Summer 2019,47.55525529213271,-122.37033944058972
Summer 2019,47.626959728834834,-122.36568323335773
Summer 2019,47.62671820864513,-122.36698405904748
Summer 2019,47.62709563781547,-122.36434674796666
Summer 2019,47.62751039826975,-122.36550447374643
Summer 2019,47.62729742166978,-122.36776465331957
Summer 2019,47.62807053246114,-122.36819438835029
Summer 2019,47.627886010393716,-122.36882828144118
Summer 2019,47.62828864494578,-122.36840027026209
Summer 2019,47.628700125952975,-122.36823865764659
Summer 2019,47.54105563261019,-122.34313601069798
Summer 2019,47.67960684250451,-122.25866241870577
Summer 2019,47.68721245484359,-122.32506746808643
Summer 2019,47.60485682991189,-122.32782153983787
Summer 2019,47.66209917568277,-122.32174630696784
Summer 2019,47.66228219855188,-122.32119769054736
Summer 2019,47.643189422033515,-122.30596062400052
Summer 2019,47.62593314638327,-122.34495353417459
Summer 2019,47.62492898269301,-122.34382054578322
Summer 2019,47.6058747291112,-122.32848634253011
Summer 2019,47.590925190188536,-122.31850413003862
Summer 2019,47.592004922919934,-122.31828508461433
Summer 2019,47.59389329540012,-122.31838139783824
Summer 2019,47.594447872255294,-122.31751810461438
Summer 2019,47.59356001531064,-122.31556211664532
Summer 2019,47.594436364311235,-122.31465147500428
Summer 2019,47.589619592132685,-122.32054127796428
Summer 2019,47.58910963759146,-122.32073224094285
Summer 2019,47.589629588782216,-122.32027511688071
Summer 2019,47.589316137393,-122.32003884393278
Summer 2019,47.58888275635351,-122.32051495492854
Summer 2019,47.58799097716834,-122.31997603925132
Summer 2019,47.58579341073128,-122.31915244813452
Summer 2019,47.56104717051273,-122.32133758745671
Summer 2019,47.58794729393767,-122.32061642395927
Summer 2019,47.56060462730788,-122.32101323780563
Summer 2019,47.56045533942454,-122.32039853560596
Summer 2019,47.57505787514714,-122.31907167117609
Summer 2019,47.58482483732747,-122.31988651177728
Summer 2019,47.58499081290095,-122.31982174320696
Summer 2019,47.58315628558519,-122.31906699422248
Summer 2019,47.582697616379875,-122.31890587879711
Summer 2019,47.581173853575315,-122.31941749435427
Summer 2019,47.561146834257585,-122.32125503010708
Summer 2019,47.55966284997207,-122.32122756244537
Summer 2019,47.55849535783042,-122.32064510112909
Summer 2019,47.60755754234483,-122.32968895974305
Summer 2019,47.59905989445728,-122.33607983633568
Summer 2019,47.60143145394904,-122.32717051926637
Summer 2019,47.60469495702866,-122.32823319007923
Summer 2019,47.59181533197752,-122.30806835168815
Summer 2019,47.59027053771071,-122.30551182207755
Summer 2019,47.59259679784533,-122.30943963296394
Summer 2019,47.59015601371982,-122.30905930761504
Summer 2019,47.588860426321666,-122.3082945925062
Summer 2019,47.589596922185535,-122.29675841411917
Summer 2019,47.588922841196386,-122.32919924603253
Summer 2019,47.589900657021396,-122.32942311885428
Summer 2019,47.590059447002545,-122.32921119861908
Summer 2019,47.58907927391868,-122.32936655235974
Summer 2019,47.58764956575867,-122.33020800399257
Summer 2019,47.590455323693334,-122.33711243633024
Summer 2019,47.59086742292547,-122.33771362654828
Summer 2019,47.5895269986546,-122.33793752235444
Summer 2019,47.58965197228186,-122.33752538380054
Summer 2019,47.58396449928594,-122.3352403304396
Summer 2019,47.586336012575494,-122.33507751075986
Summer 2019,47.58629625712951,-122.33510558242715
Summer 2019,47.58251292891421,-122.3396715605511
Summer 2019,47.57781876562579,-122.32331255361227
Summer 2019,47.57730919452042,-122.33360887381926
Summer 2019,47.571179161638725,-122.34038602509992
Summer 2019,47.57215435986003,-122.34321909439286
Summer 2019,47.571787515902365,-122.34165755247206
Summer 2019,47.57068804601735,-122.34302459746817
Summer 2019,47.57207398436386,-122.3533920208589
Summer 2019,47.56572995897584,-122.32644601457568
Summer 2019,47.5667115582575,-122.3258344561308
Summer 2019,47.565576387872106,-122.32509773007334
Summer 2019,47.5583169322623,-122.32861307194162
Summer 2019,47.555571704809935,-122.32681156628311
Summer 2019,47.54999669885864,-122.3142722703287
Summer 2019,47.5486170313032,-122.31348721035782
Summer 2019,47.553649749817,-122.31900056309567
Summer 2019,47.55249611035025,-122.31925098444499
Summer 2019,47.552379918934335,-122.32096009090813
Summer 2019,47.55161675247236,-122.33623450331115
Summer 2019,47.551397408432486,-122.3346345269491
Summer 2019,47.545731352002896,-122.3284285764157
Summer 2019,47.54481612927585,-122.33252203857079
Summer 2019,47.54276750665192,-122.33246457120407
Summer 2019,47.603205400741054,-122.31703190243144
Summer 2019,47.60333165880243,-122.31871644947255
Summer 2019,47.528778883486495,-122.27132648849691
Summer 2019,47.521277111918344,-122.27775179246336
Summer 2019,47.52152617518268,-122.27767058988051
Summer 2019,47.570429923434986,-122.35729655595496
Summer 2019,47.57048101743612,-122.35898071281562
Summer 2019,47.56072300126267,-122.37592025723225
Summer 2019,47.53466709289668,-122.33493998197028
Summer 2019,47.53506529149927,-122.33130092229477
Summer 2019,47.51479403238423,-122.32950267715519
Summer 2019,47.608600539091036,-122.34292344882535
Summer 2019,47.62016351960344,-122.31415381539476
Summer 2019,47.62065359413933,-122.31276887734839
Summer 2019,47.624435029200086,-122.33298517456548
Summer 2019,47.6255804507419,-122.33237203542564
Summer 2019,47.62501150694229,-122.32985042126076
Summer 2019,47.627969220532144,-122.32869971599578
Summer 2019,47.645446247998265,-122.29873453951761
Summer 2019,47.648309228253765,-122.32188620861994
Summer 2019,47.65112889320993,-122.32340315765255
Summer 2019,47.65144826536091,-122.32209994152963
Summer 2019,47.63653938990636,-122.34358108997412
Summer 2019,47.6357216872908,-122.34360482879872
Summer 2019,47.63876866431524,-122.3454588926442
Summer 2019,47.63857772486151,-122.34587028585821
Summer 2019,47.64141231423719,-122.34356891733314
Summer 2019,47.644899309061216,-122.34753024961564
Summer 2019,47.64576342322332,-122.34876976482973
Summer 2019,47.645678628590844,-122.34861848280353
Summer 2019,47.64678740467715,-122.35156134957856
Summer 2019,47.617813938329675,-122.34590258194442
Summer 2019,47.645078442889414,-122.37669066932257
Summer 2019,47.65411591347151,-122.37607063485385
Summer 2019,47.65301431235502,-122.37683765590124
Summer 2019,47.65372117361203,-122.38403282796928
Summer 2019,47.6630296328906,-122.39114518782792
Summer 2019,47.66573404053448,-122.41682832926556
Summer 2019,47.667274265177916,-122.38712548371053
Summer 2019,47.66426143746691,-122.37984075971781
Summer 2019,47.6641286624404,-122.38025570646782
Summer 2019,47.670157109412415,-122.38417058034624
Summer 2019,47.67041580699513,-122.38612416178354
Summer 2019,47.67136896187425,-122.38613701727208
Summer 2019,47.671184172276135,-122.404276783604
Summer 2019,47.67097146742321,-122.40404866048414
Summer 2019,47.67136374854803,-122.40494145385095
Summer 2019,47.67454783767004,-122.40630084930831
Summer 2019,47.667690241233664,-122.37484068229612
Summer 2019,47.66487001209242,-122.37294951563419
Summer 2019,47.66727517699604,-122.3705119614085
Summer 2019,47.6669060360846,-122.37037785867702
Summer 2019,47.65404496378518,-122.36224072291328
Summer 2019,47.65278481571441,-122.36037649991277
Summer 2019,47.65352963486677,-122.36045221759953
Summer 2019,47.64966990787011,-122.33195836123008
Summer 2019,47.65067807834045,-122.33067125298118
Summer 2019,47.66738759598423,-122.34765774881151
Summer 2019,47.669682426587244,-122.34782497282407
Summer 2019,47.670810749790526,-122.34758556297989
Summer 2019,47.672161416996616,-122.34752505499023
Summer 2019,47.67150468105815,-122.34077357065516
Summer 2019,47.6798665844713,-122.34542869203617
Summer 2019,47.68212396670697,-122.31881527117638
Summer 2019,47.66563187132113,-122.32163418695797
Summer 2019,47.66363793044321,-122.31842251426298
Summer 2019,47.656029776126,-122.32247957780764
Summer 2019,47.66622332231498,-122.32133201385113
Summer 2019,47.681377270893876,-122.3185173318656
Summer 2019,47.68148742279761,-122.3224719131536
Summer 2019,47.65480384181582,-122.31963708676766
Summer 2019,47.654023037012045,-122.3194520784714
Summer 2019,47.65669143365595,-122.31764650808465
Summer 2019,47.66540794595775,-122.319835275593
Summer 2019,47.671756354328345,-122.31186705530185
Summer 2019,47.688791906184306,-122.32884149742247
Summer 2019,47.66644143191519,-122.28324537000142
Summer 2019,47.69597843995214,-122.32966627350443
Summer 2019,47.70218005969977,-122.31032129327255
Summer 2019,47.72083674226142,-122.33932354595896
Summer 2019,47.71465565892949,-122.29084819367688
Summer 2019,47.708794188326124,-122.32944746652636
Summer 2019,47.7126599836437,-122.32889249039798
Summer 2019,47.71261987941078,-122.34213300098268
Summer 2019,47.71911891207196,-122.29358681688893
Summer 2019,47.722013234546,-122.32637735828256
Summer 2019,47.734079210905215,-122.323575045693
Summer 2019,47.73425129385515,-122.32356707945426
Summer 2019,47.733311684066805,-122.32283353186845
Summer 2019,47.53482047384824,-122.33577326943094
Summer 2019,47.53336367350643,-122.33678812868277
Summer 2019,47.533684167771824,-122.3358798148269
Summer 2019,47.53345656377711,-122.33648356277068
Summer 2019,47.53402456052552,-122.33636083690898
Summer 2019,47.54850014180835,-122.31159933594
Summer 2019,47.547617469738384,-122.31144392666549
Summer 2019,47.66525096464507,-122.32114390459856
Summer 2019,47.664986474991444,-122.32164708641086
Summer 2019,47.66464755539868,-122.32171185476516
Summer 2019,47.66517343645073,-122.32124672820751
Summer 2019,47.627617779629176,-122.36861938336192
Summer 2019,47.628501749257076,-122.3678525217858
Summer 2019,47.62807832523705,-122.36877799041272
Summer 2019,47.627441233230236,-122.36809539173993
Summer 2019,47.62816712329528,-122.36862098477752
Summer 2019,47.62878268531208,-122.36830447640396
Summer 2019,47.630236358710164,-122.3725756642502
Summer 2019,47.63181992765188,-122.37261163174256
Summer 2019,47.63040879227471,-122.37298558631956
Summer 2019,47.63133226822555,-122.37271240488917
Summer 2019,47.63149351221341,-122.37188165811449
Summer 2019,47.63235860719661,-122.37285038490954
Summer 2019,47.632970462577305,-122.37235626018462
Summer 2019,47.63290227501789,-122.37297539773239
Summer 2019,47.591856403085345,-122.321134974814
Summer 2019,47.59219139261956,-122.32049661537062
Summer 2019,47.59268228090142,-122.32108269861888
Summer 2019,47.59298040658947,-122.3206890082393
Summer 2019,47.592039362747094,-122.32093127246141
Summer 2019,47.59286343314237,-122.32117652823096
Summer 2019,47.59250575140471,-122.32078057758304
Summer 2019,47.592414989326414,-122.32036257720635
Summer 2019,47.59485454928214,-122.31841059088136
Summer 2019,47.594083870838716,-122.31787451927559
Summer 2019,47.5946526601134,-122.3181494164647
Summer 2019,47.59459042024085,-122.31838682309784
Summer 2019,47.59376776318224,-122.31817317692577
Summer 2019,47.59415625858971,-122.3181627007756
Summer 2019,47.59435499625778,-122.31813270238845
Summer 2019,47.59353173697121,-122.3186422137539
Summer 2019,47.593890566788744,-122.31933158454015
Summer 2019,47.59403456000284,-122.31936651383768
Summer 2019,47.593092636358634,-122.31910297631073
Summer 2019,47.593857657731505,-122.318883060485
Summer 2019,47.594146753231605,-122.31889921826766
Summer 2019,47.59307374314946,-122.319356429466
Summer 2019,47.59322908189199,-122.31861478158184
Summer 2019,47.59310338525147,-122.31932145331929
Summer 2019,47.593950719486834,-122.32028303742753
Summer 2019,47.594097698761516,-122.31959223331842
Summer 2019,47.593082104807074,-122.31957139354601
Summer 2019,47.593853013661764,-122.3198351214409
Summer 2019,47.5940755477043,-122.31947635967637
Summer 2019,47.59416556278801,-122.31978393787251
Summer 2019,47.593844424782546,-122.31972105255751
Summer 2019,47.593366493658195,-122.32025116356462
Summer 2019,47.68074392325721,-122.24927047083592
Summer 2019,47.68001482295575,-122.25001896399432
Summer 2019,47.66346856135194,-122.32113942389574
Summer 2019,47.66318318259887,-122.32149879579671
Summer 2019,47.66317519078146,-122.32162452400972
Summer 2019,47.66055604302548,-122.32143768711576
Summer 2019,47.66029434810614,-122.32126543500249
Summer 2019,47.66052517291455,-122.32131646834623
Summer 2019,47.66652725949882,-122.32096830180714
Summer 2019,47.66622920782174,-122.321473290876
Summer 2019,47.66584997246948,-122.32050420306284
Summer 2019,47.66478885121809,-122.32091717324072
Summer 2019,47.66601690433474,-122.32091808573198
Summer 2019,47.66607208274092,-122.32147583189214
Summer 2019,47.609935425628784,-122.3309884241354
Summer 2019,47.66442172804271,-122.32223862527276
Summer 2019,47.66353370610964,-122.32305403521926
Summer 2019,47.662801304585706,-122.32051632671642
Summer 2019,47.66280449522333,-122.3211231038403
Summer 2019,47.66307868689847,-122.32042325222258
Summer 2019,47.66299718835514,-122.32070615183639
Summer 2019,47.66290467526177,-122.32081309583087
Summer 2019,47.66304788316019,-122.3217431394186
Summer 2019,47.595710239941994,-122.32076322169
Summer 2019,47.59601620523383,-122.32041739395886
Summer 2019,47.59603363943759,-122.32110364983164
Summer 2019,47.59490163299254,-122.32114112262951
Summer 2019,47.59615660139525,-122.3211120465462
Summer 2019,47.6620579779914,-122.32165932536843
Summer 2019,47.66127915473574,-122.32168476592463
Summer 2019,47.661334472489436,-122.32096250331642
Summer 2019,47.6622377965379,-122.32174414316067
Summer 2019,47.66205726529255,-122.32129503214806
Summer 2019,47.66233794013257,-122.32142534413333
Summer 2019,47.661367208558715,-122.32101586143327
Summer 2019,47.66139642383209,-122.3216919029805
Summer 2019,47.66174162643153,-122.3210124503846
Summer 2019,47.62468950748589,-122.34485582473823
Summer 2019,47.62428931958072,-122.34454456935131
Summer 2019,47.595061170878026,-122.31949125043894
Summer 2019,47.595502574283024,-122.32033946152622
Summer 2019,47.59548531866344,-122.32016998215687
Summer 2019,47.595888017443244,-122.32005138363964
Summer 2019,47.596432741502916,-122.31976070678282
Summer 2019,47.59190669035146,-122.31825431163793
Summer 2019,47.59147618748772,-122.31837716912543
Summer 2019,47.5953346675762,-122.31708522279101
Summer 2019,47.59504285145482,-122.31700375920715
Summer 2019,47.59349553428194,-122.31784235170383
Summer 2019,47.59367502511733,-122.31840500003415
Summer 2019,47.59300151806554,-122.31830624231459
Summer 2019,47.593773996092374,-122.31890310869983
Summer 2019,47.59334465425738,-122.31899183730698
Summer 2019,47.5930597231741,-122.31948715336058
Summer 2019,47.59333140882659,-122.31920737933748
Summer 2019,47.593612854436365,-122.31887499028448
Summer 2019,47.5932586175728,-122.31968617973389
Summer 2019,47.59331522160191,-122.31949404102846
Summer 2019,47.59195545552958,-122.32138873082259
Summer 2019,47.59220551827832,-122.32163121985425
Summer 2019,47.59206326785893,-122.32293835947445
Summer 2019,47.59152595535468,-122.32316095641445
Summer 2019,47.590632312295625,-122.32027258731851
Summer 2019,47.59045116851234,-122.31983267814803
Summer 2019,47.59113570532663,-122.32022338503027
Summer 2019,47.59174445627531,-122.32054531612016
Summer 2019,47.59108465392076,-122.32000083803031
Summer 2019,47.58649676310159,-122.32035643131256
Summer 2019,47.58771568759759,-122.31965367166805
Summer 2019,47.56264744518403,-122.32174692212408
Summer 2019,47.56257237939689,-122.32189571487824
Summer 2019,47.56268798014043,-122.32228107047747
Summer 2019,47.562846453966536,-122.32200547562229
Summer 2019,47.56293662035022,-122.32143808211984
Summer 2019,47.563094878386835,-122.32186934954652
Summer 2019,47.56196669005752,-122.32153094976566
Summer 2019,47.56121599289195,-122.32220188283556
Summer 2019,47.56143262912267,-122.32171612202204
Summer 2019,47.56133894838441,-122.32244029339626
Summer 2019,47.56169099198586,-122.32269557899711
Summer 2019,47.56225835911085,-122.32210208799074
Summer 2019,47.56275127445562,-122.32191216808536
Summer 2019,47.56088550101267,-122.3201764329367
Summer 2019,47.5597295894479,-122.32113125478831
Summer 2019,47.56113446187468,-122.32107558032887
Summer 2019,47.56177459905376,-122.32047786156342
Summer 2019,47.56150457995066,-122.32115703235715
Summer 2019,47.5797319678126,-122.31806610632206
Summer 2019,47.57979757495838,-122.31812551244107
Summer 2019,47.5783802303745,-122.31832721279561
Summer 2019,47.581955408202525,-122.31866866892152
Summer 2019,47.58233538189577,-122.3188816703056
Summer 2019,47.585602639591144,-122.3192103001052
Summer 2019,47.5860983150586,-122.31979267412814
Summer 2019,47.58519343165015,-122.31962007634809
Summer 2019,47.58594968469603,-122.31948972293814
Summer 2019,47.585943056574706,-122.31916981666484
Summer 2019,47.59456013222344,-122.31926015421966
Summer 2019,47.595892184766214,-122.31913087738505
Summer 2019,47.59471978052653,-122.31970129267819
Summer 2019,47.59611489634067,-122.32008943201049
Summer 2019,47.595822654099855,-122.31959783632368
Summer 2019,47.59525033186384,-122.31947047686383
Summer 2019,47.59415485744609,-122.31868662041069
Summer 2019,47.59496465309659,-122.31945344118827
Summer 2019,47.59468410628999,-122.31935333276286
Summer 2019,47.5948523112876,-122.31888329383374
Summer 2019,47.594243834156956,-122.3187608031342
Summer 2019,47.595695110812606,-122.3187364615847
Summer 2019,47.59525582604196,-122.31936613781964
Summer 2019,47.59487693371906,-122.31865231009218
Summer 2019,47.59516195277615,-122.31853376708528
Summer 2019,47.595175257282165,-122.3184243555735
Summer 2019,47.59494973256,-122.31833132301995
Summer 2019,47.594800575870494,-122.31921831192061
Summer 2019,47.59528349287249,-122.3191072071964
Summer 2019,47.59544502201327,-122.31927691685664
Summer 2019,47.59505773405407,-122.31886232361414
Summer 2019,47.59490596593783,-122.31857310640554
Summer 2019,47.59475382136584,-122.31909932577192
Summer 2019,47.59359321789512,-122.32056966773591
Summer 2019,47.593417526889105,-122.32056376568919
Summer 2019,47.59336638908051,-122.32019624731046
Summer 2019,47.594797522241386,-122.32017910231075
Summer 2019,47.59386630663552,-122.31961827990877
Summer 2019,47.60209673365044,-122.3242121123957
Summer 2019,47.60138755916921,-122.32460588639584
Summer 2019,47.602135057358296,-122.32413393711415
Summer 2019,47.602016903308595,-122.32377755176093
Summer 2019,47.60154609498838,-122.32379587276503
Summer 2019,47.601966946626995,-122.32440742469005
Summer 2019,47.601542951940736,-122.32391367258398
Summer 2019,47.60128197552206,-122.32389720713593
Summer 2019,47.60278849843306,-122.32385394649272
Summer 2019,47.601627514663754,-122.32441034872932
Summer 2019,47.602616184719565,-122.32449327545085
Summer 2019,47.60164187390351,-122.32395649148246
Summer 2019,47.601649571765755,-122.32462947163238
Summer 2019,47.60248423124349,-122.32452274962489
Summer 2019,47.60257007029771,-122.32428668355848
Summer 2019,47.60179718395114,-122.3245319390657
Summer 2019,47.60186923465629,-122.32472932703632
Summer 2019,47.60217093897782,-122.32465961740088
Summer 2019,47.60155610309734,-122.32455878281569
Summer 2019,47.60151295117998,-122.32375866751522
Summer 2019,47.60214217472985,-122.32408652167075
Summer 2019,47.60294538430417,-122.32536114946168
Summer 2019,47.602677676610526,-122.32545025326083
Summer 2019,47.60347415115078,-122.32593762210844
Summer 2019,47.60305210365675,-122.32483578610332
Summer 2019,47.60371761774612,-122.32558966108691
Summer 2019,47.602812909625335,-122.325926094586
Summer 2019,47.60281176181421,-122.32585821622062
Summer 2019,47.60273373714212,-122.32495585283371
Summer 2019,47.60392101326462,-122.32586363792049
Summer 2019,47.602728907569656,-122.32561373131163
Summer 2019,47.604677643548484,-122.32706216939684
Summer 2019,47.60464167804924,-122.32705077426648
Summer 2019,47.60507588958544,-122.32629106790631
Summer 2019,47.604019779149226,-122.32623716918606
Summer 2019,47.60482824889956,-122.3267911074942
Summer 2019,47.60515674625758,-122.32651063626228
Summer 2019,47.603853645163255,-122.32708650834385
Summer 2019,47.60384596680056,-122.32623031770362
Summer 2019,47.604987551422695,-122.32640548201898
Summer 2019,47.604016443131265,-122.32661161539306
Summer 2019,47.59628882838171,-122.31548751781374
Summer 2019,47.59520904537697,-122.31551560054888
Summer 2019,47.59508905919148,-122.31528477470762
Summer 2019,47.59586608463828,-122.31609392733277
Summer 2019,47.59504063738204,-122.31586276111767
Summer 2019,47.59567880514912,-122.31574611720956
Summer 2019,47.59547766925497,-122.31572360900844
Summer 2019,47.59540802140883,-122.31479204619468
Summer 2019,47.59591985697847,-122.31521150908365
Summer 2019,47.596035061763615,-122.31497739483471
Summer 2019,47.59568237525528,-122.31493425633039
Summer 2019,47.59584905429232,-122.3150815874953
Summer 2019,47.596073395848656,-122.32212296242238
Summer 2019,47.595158860927086,-122.32191397549703
Summer 2019,47.59523441184708,-122.32181257977943
Summer 2019,47.59554001407558,-122.32241230884294
Summer 2019,47.5954895998849,-122.32181966009854
Summer 2019,47.595932984154516,-122.32218759142854
Summer 2019,47.595916514169225,-122.32135639323606
Summer 2019,47.59705685453704,-122.32122949725895
Summer 2019,47.59658080525027,-122.32183968931383
Summer 2019,47.596569100605684,-122.32194463562702
Summer 2019,47.597351957219075,-122.32112203069782
Summer 2019,47.59581156064256,-122.32201117972986
Summer 2019,47.59605636184253,-122.32125608252743
Summer 2019,47.59609566019336,-122.32165206018163
Summer 2019,47.59623342582661,-122.32130634335914
Summer 2019,47.59620480398117,-122.31785391538217
Summer 2019,47.59669276335778,-122.31809119460192
Summer 2019,47.595733849396225,-122.31771249436365
Summer 2019,47.59688003880927,-122.31770298029029
Summer 2019,47.59710171582563,-122.3182839281395
Summer 2019,47.5959665433409,-122.31794417874119
Summer 2019,47.59669140443628,-122.31791026340723
Summer 2019,47.59611564798502,-122.31825569669358
Summer 2019,47.59601842962024,-122.31802940270667
Summer 2019,47.59574941744991,-122.31839282119353
Summer 2019,47.5967392845081,-122.31761879622658
Summer 2019,47.59638690734058,-122.31832164712915
Summer 2019,47.59693085199265,-122.31801956409419
Summer 2019,47.59697555419748,-122.31779368284603
Summer 2019,47.59662416067115,-122.31852946138284
Summer 2019,47.597116098713876,-122.3179418435109
Summer 2019,47.596052306134496,-122.3176315410084
Summer 2019,47.596637100803996,-122.31848582034215
Summer 2019,47.59714685583745,-122.31863342836142
Summer 2019,47.59571374424564,-122.31860718931428
Summer 2019,47.608042270176824,-122.33114379888005
Summer 2019,47.607516089591485,-122.33079886906867
Summer 2019,47.60847854183524,-122.33058171216506
Summer 2019,47.60790545830941,-122.3312624196247
Summer 2019,47.607298875362666,-122.33124879171389
Summer 2019,47.607372903988605,-122.33136880766062
Summer 2019,47.60050318642495,-122.3304941853365
Summer 2019,47.60042088200105,-122.3300459004159
Summer 2019,47.6006143674176,-122.33111589213524
Summer 2019,47.60126129827775,-122.33105495945823
Summer 2019,47.601541533025696,-122.33070457878297
Summer 2019,47.60058070343405,-122.3313396388874
Summer 2019,47.60042831547881,-122.33101759408864
Summer 2019,47.60035029973525,-122.33095924222701
Summer 2019,47.601152196481415,-122.33062045998702
Summer 2019,47.60165072032675,-122.3313013241421
Summer 2019,47.600520521100364,-122.33136544424127
Summer 2019,47.60026718222646,-122.3303921092398
Summer 2019,47.600365828753745,-122.33140189716813
Summer 2019,47.60047093554204,-122.33034444194551
Summer 2019,47.60060636540968,-122.33087580237783
Summer 2019,47.60091447706506,-122.32476025191626
Summer 2019,47.60092116722026,-122.32417218447036
Summer 2019,47.60017085751266,-122.3233750056781
Summer 2019,47.600542887046224,-122.32318424903025
Summer 2019,47.60043616100091,-122.32310890866039
Summer 2019,47.60001425467629,-122.3240335847915
Summer 2019,47.59955076039141,-122.3237356029033
Summer 2019,47.600665502044244,-122.3235583414241
Summer 2019,47.60236389888144,-122.32594647855711
Summer 2019,47.60130437647928,-122.32589447347009
Summer 2019,47.60225559420836,-122.32572479045413
Summer 2019,47.60181893832301,-122.32594808818892
Summer 2019,47.60171369138251,-122.32577862217819
Summer 2019,47.601375581506616,-122.32575221875165
Summer 2019,47.60234623967668,-122.3263857942547
Summer 2019,47.602380213233985,-122.32610833349165
Summer 2019,47.60159061197707,-122.32609568343244
Summer 2019,47.60217829682224,-122.3259270777825
Summer 2019,47.60206640213573,-122.32607028127285
Summer 2019,47.60143891501922,-122.32636827890909
Summer 2019,47.601598078247974,-122.3264931208449
Summer 2019,47.602214000760064,-122.3262940034367
Summer 2019,47.60184006393315,-122.3257694674053
Summer 2019,47.602105105057994,-122.32564137312657
Summer 2019,47.60195549969285,-122.32604337125973
Summer 2019,47.60213134953284,-122.32580417175132
Summer 2019,47.601481535200925,-122.325701605206
Summer 2019,47.60122469927124,-122.32587056711381
Summer 2019,47.5901429270905,-122.30996850437015
Summer 2019,47.589184124273835,-122.30815441210757
Summer 2019,47.590440527792836,-122.30804656711464
Summer 2019,47.5902021965948,-122.30875148146292
Summer 2019,47.58915780812315,-122.30897281869673
Summer 2019,47.590295887117485,-122.3085897180903
Summer 2019,47.59028795828109,-122.30877307413668
Summer 2019,47.589949423369966,-122.30804787378548
Summer 2019,47.59052729820261,-122.30827494156762
Summer 2019,47.58944344593619,-122.30612589607755
Summer 2019,47.589649051754165,-122.30599237106615
Summer 2019,47.58931364393675,-122.30602197280642
Summer 2019,47.5891715613365,-122.30265473603255
Summer 2019,47.59042486797019,-122.3025770198228
Summer 2019,47.58946077137057,-122.30265408946234
Summer 2019,47.5896482138705,-122.30531339959794
Summer 2019,47.59063657227,-122.30546555501823
Summer 2019,47.589713693583775,-122.30231133003026
Summer 2019,47.590469325117375,-122.30224993100545
Summer 2019,47.58969712602776,-122.30296603661014
Summer 2019,47.5895384673009,-122.30311458944091
Summer 2019,47.58941041561428,-122.30287576382855
Summer 2019,47.58913335260813,-122.30218703108113
Summer 2019,47.58901068553084,-122.30216258752007
Summer 2019,47.58705183797733,-122.33494741773902
Summer 2019,47.586981633319,-122.33568533865012
Summer 2019,47.58735195011736,-122.33479444039033
Summer 2019,47.588120433003596,-122.33488351629312
Summer 2019,47.58851991023664,-122.33528547489567
Summer 2019,47.58771764197382,-122.3348074251469
Summer 2019,47.58807250960354,-122.33498565833386
Summer 2019,47.58838412679362,-122.33559885850138
Summer 2019,47.58705240282865,-122.33482320811306
Summer 2019,47.5884985017898,-122.33515931619513
Summer 2019,47.588457954848984,-122.33548120826717
Summer 2019,47.588773719271614,-122.33501153172367
Summer 2019,47.58767113115845,-122.32028670059312
Summer 2019,47.587014672964585,-122.32010169095523
Summer 2019,47.589292517438224,-122.32923657105688
Summer 2019,47.59051403118745,-122.32929048391553
Summer 2019,47.58891333258943,-122.3274789128614
Summer 2019,47.58901335128856,-122.32655006371242
Summer 2019,47.5876225202316,-122.32787861319356
Summer 2019,47.58843192096517,-122.32775693986773
Summer 2019,47.58749224412695,-122.32731522504643
Summer 2019,47.588325188281004,-122.32717559305642
Summer 2019,47.58767653062869,-122.32760303141855
Summer 2019,47.58822965461568,-122.32755145452302
Summer 2019,47.587448746823895,-122.32775696965243
Summer 2019,47.58782359991448,-122.32738699360301
Summer 2019,47.588081841331885,-122.32804945093419
Summer 2019,47.58891113159134,-122.32806489118845
Summer 2019,47.588028692796776,-122.32741321390934
Summer 2019,47.58826236350432,-122.32724861830901
Summer 2019,47.588176450259326,-122.32740762833946
Summer 2019,47.588748185473555,-122.32721269123553
Summer 2019,47.58852665401811,-122.32811351341354
Summer 2019,47.58389191437354,-122.33048845505093
Summer 2019,47.58511839922904,-122.32990747101148
Summer 2019,47.58556026355859,-122.3303094420836
Summer 2019,47.586215771790975,-122.32980161427888
Summer 2019,47.585511659347226,-122.33001793328225
Summer 2019,47.585409930643756,-122.32959591215788
Summer 2019,47.583810701842886,-122.32959696356477
Summer 2019,47.58428531198344,-122.3304216000081
Summer 2019,47.583355015973574,-122.32996237770288
Summer 2019,47.583308052495,-122.33006692189485
Summer 2019,47.583513746377434,-122.3299374986686
Summer 2019,47.58319527048151,-122.33020736547337
Summer 2019,47.58808263278832,-122.33820871205266
Summer 2019,47.58847086618924,-122.33750375302894
Summer 2019,47.592650990457514,-122.33605591197812
Summer 2019,47.593922520368785,-122.33568515537931
Summer 2019,47.594054265812694,-122.33609315918847
Summer 2019,47.593547141968095,-122.33620952064902
Summer 2019,47.59387542499315,-122.33624935727913
Summer 2019,47.592563383130596,-122.33600548352693
Summer 2019,47.593318755359746,-122.33671153495776
Summer 2019,47.592702476057774,-122.33663853451144
Summer 2019,47.59305468569648,-122.33614543021598
Summer 2019,47.59410570332515,-122.33569910846707
Summer 2019,47.59272704303913,-122.3356951514045
Summer 2019,47.5926316344272,-122.33666406886927
Summer 2019,47.59322817749457,-122.33668317216502
Summer 2019,47.59271537388345,-122.33641945636863
Summer 2019,47.59358084951474,-122.33571510513143
Summer 2019,47.594053482625775,-122.33603782003023
Summer 2019,47.59355831253689,-122.33569315149099
Summer 2019,47.59310001148883,-122.33664831514055
Summer 2019,47.594166760326964,-122.33590600432285
Summer 2019,47.59361362610085,-122.33632528014832
Summer 2019,47.5937182056628,-122.33651701060427
Summer 2019,47.59366651234917,-122.3362511936701
Summer 2019,47.59089267228012,-122.33779315081084
Summer 2019,47.5915787927193,-122.33700639065697
Summer 2019,47.59154487060598,-122.33683367978954
Summer 2019,47.59107750317147,-122.33740220712333
Summer 2019,47.59138260422732,-122.33753737764266
Summer 2019,47.590672176028455,-122.33720642502804
Summer 2019,47.59089453458388,-122.33676236580015
Summer 2019,47.59085048435695,-122.3372400669431
Summer 2019,47.59129938858847,-122.33771041369356
Summer 2019,47.59112083619294,-122.33751591110686
Summer 2019,47.590657707181016,-122.33739700334209
Summer 2019,47.59170532402268,-122.33729833278123
Summer 2019,47.591747625905384,-122.33703761673782
Summer 2019,47.592080548022096,-122.33767066566193
Summer 2019,47.59123594099852,-122.3376802842977
Summer 2019,47.5921864685992,-122.33767213980691
Summer 2019,47.592085450713824,-122.33773550947018
Summer 2019,47.591453471280154,-122.33767717636104
Summer 2019,47.5908572184641,-122.33677304148158
Summer 2019,47.59180063498017,-122.33702829216126
Summer 2019,47.59137068183004,-122.33723243065191
Summer 2019,47.59097361751571,-122.33691176658003
Summer 2019,47.58375873281484,-122.33523140942359
Summer 2019,47.58341787936298,-122.33559525162667
Summer 2019,47.577519230342084,-122.32757889552735
Summer 2019,47.577300761679886,-122.32708839979908
Summer 2019,47.571557006416626,-122.34591846080036
Summer 2019,47.57149229677228,-122.34623872628225
Summer 2019,47.57168462830804,-122.34627192372865
Summer 2019,47.571135750650036,-122.32379556111562
Summer 2019,47.57210467219191,-122.32343053126117
Summer 2019,47.565521242256835,-122.32512338018763
Summer 2019,47.5657707915405,-122.32554296874825
Summer 2019,47.56590726659463,-122.32651579642489
Summer 2019,47.567130094916834,-122.32732442892555
Summer 2019,47.56574480416282,-122.32637786228473
Summer 2019,47.566370876592785,-122.32660824378787
Summer 2019,47.56645511002458,-122.32653063011311
Summer 2019,47.56627283277011,-122.32664701827686
Summer 2019,47.567109655750485,-122.32661608876406
Summer 2019,47.56715010760452,-122.32716343383126
Summer 2019,47.56637126209413,-122.32721067024775
Summer 2019,47.56718847131792,-122.32732997428728
Summer 2019,47.5680821910458,-122.328560726077
Summer 2019,47.567095580253614,-122.32851019341398
Summer 2019,47.56701349772441,-122.3280957189823
Summer 2019,47.56751927481442,-122.32833686727466
Summer 2019,47.56672387512772,-122.32822559492865
Summer 2019,47.56671967596798,-122.32894327740222
Summer 2019,47.56686468818974,-122.32891312281656
Summer 2019,47.567821687186495,-122.32873551444186
Summer 2019,47.56791556236238,-122.32907833054962
Summer 2019,47.56677565954861,-122.32890749958703
Summer 2019,47.56686198356705,-122.32904317231005
Summer 2019,47.55531009282628,-122.32765836749147
Summer 2019,47.55639952584258,-122.32724735113513
Summer 2019,47.556209862428,-122.32691448099418
Summer 2019,47.55576730745143,-122.32769156196974
Summer 2019,47.55501976130275,-122.32759856150108
Summer 2019,47.55479697466019,-122.33516612155213
Summer 2019,47.55530113347382,-122.33512935417664
Summer 2019,47.55578074474502,-122.33518597520914
Summer 2019,47.55480959086993,-122.33541569407016
Summer 2019,47.55589722280781,-122.33539434900788
Summer 2019,47.55226474229946,-122.31974452657221
Summer 2019,47.552375777321274,-122.31979756760008
Summer 2019,47.552291648300596,-122.31992406633398
Summer 2019,47.55203330283399,-122.31992844836407
Summer 2019,47.55095674008427,-122.32031782045387
Summer 2019,47.55126401938927,-122.32053270201007
Summer 2019,47.551519085282095,-122.33523860801368
Summer 2019,47.55082187851652,-122.33511578040562
Summer 2019,47.54717045367118,-122.33352448318706
Summer 2019,47.546222316044314,-122.33321316225675
Summer 2019,47.544387275348015,-122.332886304559
Summer 2019,47.543355776506964,-122.33345276176169
Summer 2019,47.54356604471433,-122.33349722624986
Summer 2019,47.58432929804072,-122.3074527684909
Summer 2019,47.58382791121729,-122.30705230183918
Summer 2019,47.56619955595161,-122.30622406320758
Summer 2019,47.5653773238112,-122.30695209625229
Summer 2019,47.56528101037482,-122.30687857929807
Summer 2019,47.566043833518094,-122.30683314243396
Summer 2019,47.56410385182721,-122.30674864997862
Summer 2019,47.56524346298359,-122.30618627679569
Summer 2019,47.5649361226727,-122.30620955696413
Summer 2019,47.564535610836884,-122.30651274099614
Summer 2019,47.56431723281029,-122.30686116338107
Summer 2019,47.57159064274849,-122.35849928757702
Summer 2019,47.5708733069074,-122.35777600284096
Summer 2019,47.570270935719314,-122.37214865813336
Summer 2019,47.570251271732694,-122.37213747862977
Summer 2019,47.54059519191495,-122.34245970907683
Summer 2019,47.534053681915374,-122.33572483843118
Summer 2019,47.532690694235065,-122.33540925780308
Summer 2019,47.52599632189677,-122.32541466878301
Summer 2019,47.52611306531416,-122.32545772881363
Summer 2019,47.52613631012193,-122.32476959243787
Summer 2019,47.60806752115868,-122.3440311545766
Summer 2019,47.60792460569654,-122.34473694740083
Summer 2019,47.615671105221004,-122.32926624464739
Summer 2019,47.61484180976922,-122.32842237964117
Summer 2019,47.617092425621315,-122.32854371297702
Summer 2019,47.617150458198715,-122.32769508162251
Summer 2019,47.6176155318094,-122.3282092033025
Summer 2019,47.6175166312932,-122.32808741850596
Summer 2019,47.61909432163999,-122.3034526790416
Summer 2019,47.61875956056847,-122.30387675889446
Summer 2019,47.624569707125595,-122.32849759174843
Summer 2019,47.62418606838651,-122.3285034182483
Summer 2019,47.64840465320072,-122.32257379329491
Summer 2019,47.6481688476635,-122.32202436555282
Summer 2019,47.64991162525843,-122.32276629887846
Summer 2019,47.64934949845664,-122.3227993208995
Summer 2019,47.65095780049602,-122.32205523483819
Summer 2019,47.65162553610118,-122.32282862552205
Summer 2019,47.65150113729504,-122.32238506168427
Summer 2019,47.651478407706485,-122.32236644265609
Summer 2019,47.65106623209995,-122.3223837575417
Summer 2019,47.65109521985969,-122.32272820497958
Summer 2019,47.65154738771605,-122.32316304412743
Summer 2019,47.63702126818377,-122.34464751557587
Summer 2019,47.63692025301777,-122.3438381163689
Summer 2019,47.63663424899658,-122.34442330369217
Summer 2019,47.633344381808435,-122.34435422883509
Summer 2019,47.633699507672645,-122.34360091901284
Summer 2019,47.63458162962934,-122.34441169788327
Summer 2019,47.63403655027365,-122.34355530926668
Summer 2019,47.63414895979281,-122.34424868662738
Summer 2019,47.64407625400489,-122.34775762274963
Summer 2019,47.64533103987238,-122.34740163252962
Summer 2019,47.645044240319095,-122.34772072589749
Summer 2019,47.62189849909725,-122.35805053961114
Summer 2019,47.62251063663929,-122.35729612355497
Summer 2019,47.62172141434267,-122.35776634790682
Summer 2019,47.61818441492463,-122.3435292706494
Summer 2019,47.617931120629486,-122.34310585647087
Summer 2019,47.62004659214965,-122.35778274092888
Summer 2019,47.61972822602196,-122.35805511719148
Summer 2019,47.6324132591798,-122.37442293741792
Summer 2019,47.63338668043616,-122.37382437749356
Summer 2019,47.65407450719844,-122.37821951962398
Summer 2019,47.65338698004334,-122.37823471633487
Summer 2019,47.654030013889,-122.3778932452961
Summer 2019,47.653442368247,-122.37767596577822
Summer 2019,47.670148798166714,-122.38389400473525
Summer 2019,47.66987376269457,-122.38432744366483
Summer 2019,47.67031733789508,-122.38389172150347
Summer 2019,47.69020751270335,-122.37586498033922
Summer 2019,47.689965779619484,-122.37579055755216
Summer 2019,47.68868850690923,-122.37561396319045
Summer 2019,47.68922439035812,-122.37522843975171
Summer 2019,47.68957987356857,-122.37582717877096
Summer 2019,47.688412618136276,-122.37533966741039
Summer 2019,47.66788245452489,-122.37476743992869
Summer 2019,47.666328776856,-122.37542268654003
Summer 2019,47.66745853134316,-122.37444551135358
Summer 2019,47.667187556065166,-122.37547609944768
Summer 2019,47.66701997347154,-122.37470646387844
Summer 2019,47.66534306942453,-122.37458861846031
Summer 2019,47.664344193599554,-122.37509032275132
Summer 2019,47.66500817807956,-122.37502181532004
Summer 2019,47.66430908083047,-122.37511143401613
Summer 2019,47.66383246511791,-122.37412925162454
Summer 2019,47.66390345081246,-122.37453098989047
Summer 2019,47.664216512874766,-122.37447318802549
Summer 2019,47.66562977613883,-122.370535122658
Summer 2019,47.66534662042159,-122.37146643068874
Summer 2019,47.66319918010197,-122.36885772012171
Summer 2019,47.661962957840174,-122.36892633595751
Summer 2019,47.66198001700811,-122.36831293693756
Summer 2019,47.66268151996031,-122.36861015578275
Summer 2019,47.662984325649944,-122.36868245338114
Summer 2019,47.66330721808637,-122.36874299305279
Summer 2019,47.65793743404485,-122.34750486709535
Summer 2019,47.65704505915099,-122.347959244994
Summer 2019,47.64925599307078,-122.34427538552804
Summer 2019,47.64928878534215,-122.34458777993649
Summer 2019,47.64874729652448,-122.34372442083382
Summer 2019,47.682265959118325,-122.32050007367641
Summer 2019,47.68111046213751,-122.32000638153289
Summer 2019,47.677816732855945,-122.32102778832224
Summer 2019,47.67751040786157,-122.32112493025326
Summer 2019,47.677732360031975,-122.32139813775575
Summer 2019,47.67807370042497,-122.32104518875738
Summer 2019,47.67828541392654,-122.32185342545635
Summer 2019,47.6785468688518,-122.32113675044297
Summer 2019,47.67897344997658,-122.3213685320633
Summer 2019,47.67979106704192,-122.3208526317912
Summer 2019,47.682533538017765,-122.32281120995547
Summer 2019,47.68246679029494,-122.32311510747373
Summer 2019,47.68343256104418,-122.32221766523936
Summer 2019,47.68341517724256,-122.32318410418344
Summer 2019,47.68277192911713,-122.32306623000639
Summer 2019,47.68239672458839,-122.32313668362433
Summer 2019,47.68302587196928,-122.32326288159935
Summer 2019,47.68339050775945,-122.32218346963893
Summer 2019,47.68534672044534,-122.32303054024098
Summer 2019,47.68473029499876,-122.32359004098856
Summer 2019,47.686315006821296,-122.32558683310455
Summer 2019,47.68743076523369,-122.32535839391146
Summer 2019,47.696796143590284,-122.3303601900885
Summer 2019,47.69657910046516,-122.32982396868597
Summer 2019,47.70906599139344,-122.32952046604375
Summer 2019,47.70774497200512,-122.329171015643
Summer 2019,47.708030991693796,-122.3296187496865
Summer 2019,47.708547513045666,-122.32975673614756
Summer 2019,47.7085651362637,-122.32895207524905
Summer 2019,47.70888381403192,-122.32959199214683
Summer 2019,47.71044672176147,-122.32896791301212
Summer 2019,47.70940773760813,-122.32878432700335
Summer 2019,47.72469964024371,-122.32528074673637
Summer 2019,47.72461920220591,-122.32485758597892
Summer 2019,47.70911968568773,-122.32938732344194
Summer 2019,47.70843425058389,-122.33004153921598
Summer 2019,47.71367130511502,-122.32723165250007
Summer 2019,47.71333842369881,-122.32647102993138
Summer 2019,47.716065309126144,-122.34250291257598
Summer 2019,47.716252436111,-122.34188709972047
Summer 2019,47.71564089192074,-122.34200140748018
Summer 2019,47.7157427379083,-122.34248531188311
Summer 2019,47.71588719947585,-122.34216292425594
Summer 2019,47.71611796799906,-122.34226659851664
Summer 2019,47.715753705169085,-122.34271750113534
Summer 2019,47.71587488854292,-122.34167125125174
Summer 2019,47.71528496914415,-122.34199265412033
Summer 2019,47.71594256770908,-122.34207218689009
Summer 2019,47.715841987167536,-122.3420303361139
Summer 2019,47.71529409220927,-122.34248951980841
Summer 2019,47.71549191162736,-122.34269544537848
Summer 2019,47.717707344950966,-122.34209785469774
Summer 2019,47.71829510063341,-122.34257039579906
Summer 2019,47.71765254065618,-122.34215463366859
Summer 2019,47.719249592757016,-122.34181606731663
Summer 2019,47.718813385866866,-122.34264593734461
Summer 2019,47.717964528748546,-122.34182466161337
Summer 2019,47.71926422772757,-122.34183981842413
Summer 2019,47.71824547180269,-122.34235112493597
Summer 2019,47.71873451494867,-122.3420675060432
Summer 2019,47.71879855696807,-122.34246365897876
Summer 2019,47.71769012541284,-122.3418955003934
Summer 2019,47.71867411564724,-122.34236556580515
Summer 2019,47.717946541670955,-122.3423745606472
Summer 2019,47.71765639931956,-122.34192557172597
Summer 2020,47.65317631503861,-122.35996955104714
Summer 2020,47.59889001155745,-122.32286654015546
Summer 2020,47.683779690219765,-122.32234502546349
Summer 2020,47.66581303122199,-122.32078349704099
Summer 2020,47.73441889476745,-122.32313854104055
Summer 2020,47.723030438992645,-122.32478935609572
Summer 2020,47.72085272837738,-122.32501323043137
Summer 2020,47.715447984521205,-122.32660299396123
Summer 2020,47.71045424538808,-122.3315273951343
Summer 2020,47.686241371636385,-122.32595263387853
Summer 2020,47.68125136763706,-122.32068240922291
Summer 2020,47.667212172170665,-122.32130188123942
Summer 2020,47.6647858857401,-122.3225521441378
Summer 2020,47.665459713738876,-122.32068480133235
Summer 2020,47.663332672340445,-122.3229111203904
Summer 2020,47.66339408414743,-122.32109126141266
Summer 2020,47.62690101700924,-122.32797661295625
Summer 2020,47.61764938003759,-122.3279523765138
Summer 2020,47.66308688023227,-122.32145199759259
Summer 2020,47.66264949158305,-122.32111960927818
Summer 2020,47.66217039546826,-122.32143961984241
Summer 2020,47.660972997702686,-122.32303048561751
Summer 2020,47.65959335773953,-122.32207718979036
Summer 2020,47.5949355988528,-122.31647878142918
Summer 2020,47.591829804797484,-122.3105677185863
Summer 2020,47.59123232928927,-122.31150134722259
Summer 2020,47.59049474721611,-122.30928986406126
Summer 2020,47.6258567731616,-122.36616702064524
Summer 2020,47.62741238615642,-122.3660132450496
Summer 2020,47.6264645214504,-122.36694083454546
Summer 2020,47.62687480117832,-122.36414484456272
Summer 2020,47.62648971082518,-122.36548736285157
Summer 2020,47.62704337872217,-122.36588247275361
Summer 2020,47.628873990611424,-122.3692600563636
Summer 2020,47.52789210509479,-122.29183818022982
Summer 2020,47.59054571643426,-122.32078349006416
Summer 2020,47.587650101883675,-122.31994256236182
Summer 2020,47.585746387295394,-122.31980768230648
Summer 2020,47.585649061795074,-122.32008762940079
Summer 2020,47.587466229945704,-122.31983354759689
Summer 2020,47.591350552133484,-122.3199101531531
Summer 2020,47.625401837283285,-122.32869065223265
Summer 2020,47.62479896484529,-122.32912546496343
Summer 2020,47.624491554941244,-122.33226876165963
Summer 2020,47.625271611274606,-122.33346134638386
Summer 2020,47.61436341247149,-122.32981142363782
Summer 2020,47.60061255523427,-122.32163456287437
Summer 2020,47.59658590374415,-122.3177658902343
Summer 2020,47.62671642266134,-122.32743964533609
Summer 2020,47.626492693903046,-122.32718623377716
Summer 2020,47.62752406502836,-122.32825862316999
Summer 2020,47.62899796757611,-122.32580418276137
Summer 2020,47.599206643279544,-122.32180438936844
Summer 2020,47.60853721401459,-122.33104256407022
Summer 2020,47.60553118996075,-122.32963566363311
Summer 2020,47.59630587473327,-122.31759885881252
Summer 2020,47.59596133164876,-122.32561561192037
Summer 2020,47.5981526098039,-122.31773893837097
Summer 2020,47.59997857416688,-122.32423201718916
Summer 2020,47.60060061843175,-122.32777513257084
Summer 2020,47.600552610408535,-122.33238316867364
Summer 2020,47.600164768219834,-122.3289489581104
Summer 2020,47.59431349371331,-122.3343294621859
Summer 2020,47.59985586493975,-122.33505574902453
Summer 2020,47.595981476213666,-122.33389454772905
Summer 2020,47.602125505253646,-122.32675638309284
Summer 2020,47.60413448230743,-122.32855131168624
Summer 2020,47.605615832674765,-122.32880784512
Summer 2020,47.604996957864785,-122.32841015184039
Summer 2020,47.60466768698328,-122.32788744880536
Summer 2020,47.607212951443614,-122.33080424924108
Summer 2020,47.608681813612776,-122.3311592810147
Summer 2020,47.54808842872974,-122.31872177494867
Summer 2020,47.55391404267277,-122.31781790730071
Summer 2020,47.55331478562041,-122.31925231838451
Summer 2020,47.538368423160406,-122.32230969536356
Summer 2020,47.55420124089666,-122.32856449607434
Summer 2020,47.553410679857656,-122.32913193396526
Summer 2020,47.556364300328944,-122.3279804004939
Summer 2020,47.555150151819575,-122.32883777332918
Summer 2020,47.54868483816663,-122.3295950948412
Summer 2020,47.55131360139839,-122.33474476928384
Summer 2020,47.62427829903928,-122.35395879841171
Summer 2020,47.62579188719163,-122.36634067611924
Summer 2020,47.6538914580453,-122.3609570095452
Summer 2020,47.66248730728731,-122.3655350983687
Summer 2020,47.66273217499852,-122.36633713219547
Summer 2020,47.661387821413726,-122.36745878435903
Summer 2020,47.66501022154441,-122.37412293226733
Summer 2020,47.66731007075398,-122.38549074179916
Summer 2020,47.66667614820861,-122.38668772659976
Summer 2020,47.667082582401534,-122.38712987094303
Summer 2020,47.667842267334336,-122.38682006498797
Summer 2020,47.66205873506052,-122.36844711386786
Summer 2020,47.664583449219116,-122.38036731449054
Summer 2020,47.66470063615406,-122.37973944664895
Summer 2020,47.67017193397891,-122.3854483030274
Summer 2020,47.6702196375961,-122.38481550858722
Summer 2020,47.67097954043084,-122.38515170827105
Summer 2020,47.669835188566346,-122.38522945066671
Summer 2020,47.670182065748904,-122.38526636718494
Summer 2020,47.67002032898137,-122.38570969347315
Summer 2020,47.65309262296347,-122.36132743755373
Summer 2020,47.65364324235121,-122.36095460589262
Summer 2020,47.653717972630645,-122.36127408315753
Summer 2020,47.64761527752687,-122.33963829447556
Summer 2020,47.648009094991544,-122.33981119923101
Summer 2020,47.646768172590775,-122.33874123912095
Summer 2020,47.64689399769593,-122.33791557512133
Summer 2020,47.723851436085624,-122.32448615958384
Summer 2020,47.72398273496186,-122.32464252840585
Summer 2020,47.724987610250345,-122.3247237689224
Summer 2020,47.71339948512892,-122.32773115262165
Summer 2020,47.71291095702888,-122.3279164932884
Summer 2020,47.712698920560754,-122.32782719854731
Summer 2020,47.71283400861296,-122.32818370802042
Summer 2020,47.69586119571536,-122.33056121658299
Summer 2020,47.695607492557606,-122.33056746403882
Summer 2020,47.69593492339422,-122.33051551994714
Summer 2020,47.6970443487909,-122.33020391722488
Summer 2020,47.696496880688606,-122.33060703677664
Summer 2020,47.69445734293349,-122.32840299133677
Summer 2020,47.69359596259833,-122.32851690964104
Summer 2020,47.69487072427701,-122.32831779058894
Summer 2020,47.6940571537543,-122.32845220245076
Summer 2020,47.69250306599674,-122.32888001636124
Summer 2020,47.692015315755384,-122.328089301596
Summer 2020,47.69168188766448,-122.32879302834479
Summer 2020,47.69214666452823,-122.32819506125757
Summer 2020,47.69273948809186,-122.3285288290889
Summer 2020,47.69291259665866,-122.32889612391946
Summer 2020,47.691862823726304,-122.32837080628875
Summer 2020,47.68616088144423,-122.32404712404978
Summer 2020,47.686702689187534,-122.32403718620857
Summer 2020,47.68232528108634,-122.32258106975037
Summer 2020,47.68371677859989,-122.32280304515037
Summer 2020,47.682604838366764,-122.32260696035048
Summer 2020,47.68359436412583,-122.32311512045199
Summer 2020,47.6827766385197,-122.32223318850056
Summer 2020,47.68174151715655,-122.3225966758673
Summer 2020,47.68156536829457,-122.32162709062939
Summer 2020,47.67835668738859,-122.32171425225415
Summer 2020,47.678206313367816,-122.32160849728218
Summer 2020,47.679565196776885,-122.32180144642187
Summer 2020,47.669813378035116,-122.32121900449725
Summer 2020,47.66964516042474,-122.32186453345949
Summer 2020,47.662371302371696,-122.32117930627575
Summer 2020,47.66216794140921,-122.32143435352835
Summer 2020,47.66184235348021,-122.32144315323215
Summer 2020,47.661985636848044,-122.32138815663582
Summer 2020,47.662913787292666,-122.32141636334832
Summer 2020,47.66349937992448,-122.32140013060551
Summer 2020,47.66342928877212,-122.32154238014986
Summer 2020,47.66272637602566,-122.3206352018654
Summer 2020,47.66281738781918,-122.32106263038484
Summer 2020,47.6616036422169,-122.3213000742
Summer 2020,47.66122243369994,-122.3208179835252
Summer 2020,47.6611242220262,-122.32071782281623
Summer 2020,47.66241620081625,-122.32138663575164
Summer 2020,47.66085048284491,-122.3212481100368
Summer 2020,47.66231147746368,-122.32169003915988
Summer 2020,47.66124612256238,-122.32089474434095
Summer 2020,47.66226770421269,-122.32120536515738
Summer 2020,47.66105312255809,-122.32083827000729
Summer 2020,47.66106070222177,-122.32144975395158
Summer 2020,47.66132438163374,-122.32182192499958
Summer 2020,47.66232399255283,-122.32135422770071
Summer 2020,47.66215316533647,-122.32117686197438
Summer 2020,47.66091493402298,-122.32174521442307
Summer 2020,47.66144956968581,-122.32130417610463
Summer 2020,47.66089161341661,-122.3211111302842
Summer 2020,47.66184437613071,-122.321710231551
Summer 2020,47.661129860155434,-122.32127845391888
Summer 2020,47.66184954881529,-122.32140398062222
Summer 2020,47.661704064099226,-122.32159301394314
Summer 2020,47.661727875813526,-122.32082078283212
Summer 2020,47.66055450419999,-122.32151178166221
Summer 2020,47.66052343843363,-122.32055703341773
Summer 2020,47.66039422555761,-122.32120940376282
Summer 2020,47.659985125301134,-122.32112576828567
Summer 2020,47.66150030482078,-122.32112739401119
Summer 2020,47.660095833222464,-122.3210123004208
Summer 2020,47.66064971906799,-122.32134336655176
Summer 2020,47.59474665734954,-122.31874794208247
Summer 2020,47.59477840409631,-122.31864736137742
Summer 2020,47.59459219118323,-122.31845391089193
Summer 2020,47.592072428491456,-122.3223678706065
Summer 2020,47.59163887934514,-122.32191240944245
Summer 2020,47.5948740580602,-122.31577733076175
Summer 2020,47.595187802311486,-122.31521713431977
Summer 2020,47.5947936013129,-122.31531743911293
Summer 2020,47.59431109556022,-122.31523341934897
Summer 2020,47.59413699292791,-122.3157621035035
Summer 2020,47.594758551957206,-122.31515534462997
Summer 2020,47.594639020227994,-122.31467687634115
Summer 2020,47.59545288408792,-122.31519668749824
Summer 2020,47.595294173620985,-122.31497920002118
Summer 2020,47.59456671023803,-122.31558212544235
Summer 2020,47.590579980975576,-122.30983746504278
Summer 2020,47.58974008570822,-122.31023789161506
Summer 2020,47.58981767076104,-122.30973926504497
Summer 2020,47.590509207844455,-122.31056579654854
Summer 2020,47.58981315268627,-122.31002026329801
Summer 2020,47.590542340600194,-122.31012612659173
Summer 2020,47.591009760093954,-122.310748189859
Summer 2020,47.59011272979606,-122.30997546393344
Summer 2020,47.59037566535479,-122.31026593592765
Summer 2020,47.59027036950948,-122.31012255559975
Summer 2020,47.59072032943806,-122.3107284161103
Summer 2020,47.590621798171654,-122.31070583507353
Summer 2020,47.58960297810177,-122.30333101568081
Summer 2020,47.58984477716363,-122.30291914605934
Summer 2020,47.58959716304273,-122.30274175709641
Summer 2020,47.589632033421914,-122.30324699623057
Summer 2020,47.59033322465042,-122.30279139292024
Summer 2020,47.58958636135026,-122.30294456008775
Summer 2020,47.590239796187745,-122.30226355723666
Summer 2020,47.589927140479666,-122.30305684578877
Summer 2020,47.58904526099142,-122.3030015833132
Summer 2020,47.58987716133273,-122.30278979151207
Summer 2020,47.589243159661706,-122.30257572323784
Summer 2020,47.59018979004614,-122.30285438102499
Summer 2020,47.59049036463462,-122.30347017498347
Summer 2020,47.626698488404266,-122.36645122049563
Summer 2020,47.62620240256802,-122.36582468397941
Summer 2020,47.626775357607265,-122.365946571162
Summer 2020,47.62742171334429,-122.36541490866988
Summer 2020,47.62640486134732,-122.36527583271084
Summer 2020,47.626525415232095,-122.36600331694505
Summer 2020,47.626983128376146,-122.36674458783143
Summer 2020,47.627370069846975,-122.36711608866703
Summer 2020,47.62616375687137,-122.3675216266737
Summer 2020,47.62645213291712,-122.36775893704598
Summer 2020,47.6272613685607,-122.36819357936879
Summer 2020,47.6279350659582,-122.36819676007778
Summer 2020,47.626688567295574,-122.35648495378915
Summer 2020,47.62549446732048,-122.3566055926595
Summer 2020,47.626429410629015,-122.35686932426727
Summer 2020,47.62629721194741,-122.35724651693201
Summer 2020,47.625974843155895,-122.35695153003375
Summer 2020,47.62601901045984,-122.3568798041277
Summer 2020,47.58874146471422,-122.32004120935048
Summer 2020,47.58870995224196,-122.32019019689699
Summer 2020,47.6634678714415,-122.36925311568369
Summer 2020,47.66281674627859,-122.36893159439818
Summer 2020,47.664282751036836,-122.36870236735139
Summer 2020,47.663250288970865,-122.36864550787264
Summer 2020,47.66391665843238,-122.36875597487675
Summer 2020,47.664219918890545,-122.3692270354251
Summer 2020,47.663487182647025,-122.36910912653136
Summer 2020,47.6629350428495,-122.36871525717416
Summer 2020,47.66284122904757,-122.3691631793778
Summer 2020,47.66403040495751,-122.36876996293421
Summer 2020,47.66382751193382,-122.36894479692886
Summer 2020,47.66299575085147,-122.36936749046556
Summer 2020,47.66281640684217,-122.36904322167057
Summer 2020,47.66347760324367,-122.36916778709274
Summer 2020,47.663047799530815,-122.36843910860428
Summer 2020,47.6638955994047,-122.36923504646714
Summer 2020,47.663689321823604,-122.36845278882872
Summer 2020,47.66322894697099,-122.36885831113842
Summer 2020,47.663229713085116,-122.3689738670404
Summer 2020,47.601583394733936,-122.33032969344607
Summer 2020,47.60255657661431,-122.33004088193792
Summer 2020,47.602235851955356,-122.3307261083186
Summer 2020,47.55323846722599,-122.32867755083564
Summer 2020,47.55345591024053,-122.32774361094116
Summer 2020,47.55293647617643,-122.32872172103829
Summer 2020,47.55297365361093,-122.32769680616408
Summer 2020,47.55388903379102,-122.32778294941468
Summer 2020,47.59056357231719,-122.31987368474098
Summer 2020,47.58996499057033,-122.31986029160726
Summer 2020,47.589467106016585,-122.32021300886842
Summer 2020,47.5904147710804,-122.32082038011524
Summer 2020,47.58806681197219,-122.3200833000108
Summer 2020,47.5885435439731,-122.31941869559934
Summer 2020,47.58764399370302,-122.32001739792818
Summer 2020,47.58794780253456,-122.31967721829926
Summer 2020,47.588185393346045,-122.31945325778896
Summer 2020,47.569097353701125,-122.32061112469047
Summer 2020,47.56923196377793,-122.32003743106304
Summer 2020,47.58405438270992,-122.31890200023032
Summer 2020,47.584723774075535,-122.31875430323319
Summer 2020,47.58448728564013,-122.31976682092044
Summer 2020,47.58408537325059,-122.31971810350359
Summer 2020,47.585357694799505,-122.31935300015256
Summer 2020,47.62905668566023,-122.32701815329138
Summer 2020,47.629285835585186,-122.32732926872605
Summer 2020,47.62931275092875,-122.32663156775563
Summer 2020,47.629472796740686,-122.32696252126395
Summer 2020,47.624834823932765,-122.32735898841194
Summer 2020,47.62557906861833,-122.32783136086361
Summer 2020,47.62449883957955,-122.32753452428142
Summer 2020,47.62607916281742,-122.32760985382407
Summer 2020,47.62495897138543,-122.32837454370721
Summer 2020,47.624641874610255,-122.33315585192656
Summer 2020,47.62464481324257,-122.3331491782252
Summer 2020,47.62477446856146,-122.33296248997364
Summer 2020,47.624397218365964,-122.3329751418047
Summer 2020,47.62391528574555,-122.33321782028985
Summer 2020,47.62446768170194,-122.33371482716407
Summer 2020,47.617971910546494,-122.32795962393612
Summer 2020,47.61777123107914,-122.32812156615323
Summer 2020,47.617747953615414,-122.32806737246266
Summer 2020,47.61667967556832,-122.32834592832882
Summer 2020,47.61228822502773,-122.33058918081386
Summer 2020,47.61102918431285,-122.33037078685626
Summer 2020,47.60194349427675,-122.32440411799054
Summer 2020,47.602669714926215,-122.32438375292716
Summer 2020,47.601766700056096,-122.32397276456736
Summer 2020,47.601529345545856,-122.32495776210166
Summer 2020,47.602825182523404,-122.3246966070307
Summer 2020,47.602979690194886,-122.3245565690273
Summer 2020,47.601911354293655,-122.32399691544607
Summer 2020,47.60169197698225,-122.32396242736856
Summer 2020,47.60248706230597,-122.32411600252736
Summer 2020,47.60216368278542,-122.32472111054525
Summer 2020,47.602239712559424,-122.32486657690825
Summer 2020,47.601632568307366,-122.32500593962067
Summer 2020,47.602002538150714,-122.32497126760423
Summer 2020,47.60208897414546,-122.32467244726683
Summer 2020,47.602385755134904,-122.32452122843667
Summer 2020,47.601862563689515,-122.32446432872719
Summer 2020,47.60150172536279,-122.32437124657874
Summer 2020,47.60191555968373,-122.32501733292987
Summer 2020,47.60291386885128,-122.32425731641239
Summer 2020,47.60169885974547,-122.32410192700698
Summer 2020,47.60295617047024,-122.32475505811874
Summer 2020,47.60270896548763,-122.32446609999579
Summer 2020,47.602586880902734,-122.32476425902202
Summer 2020,47.60184711187543,-122.32413657094723
Summer 2020,47.602321741659104,-122.32449901591221
Summer 2020,47.60306559761651,-122.32479682816518
Summer 2020,47.60243419501009,-122.3248374702363
Summer 2020,47.60153159696665,-122.32413477436349
Summer 2020,47.60293583707912,-122.32403850844867
Summer 2020,47.60207316071569,-122.3244001408702
Summer 2020,47.60171330934708,-122.32487688261328
Summer 2020,47.601510671105046,-122.32469177401887
Summer 2020,47.60149972556074,-122.32456429846125
Summer 2020,47.6029642936226,-122.32461406055565
Summer 2020,47.602301489365956,-122.32486848535274
Summer 2020,47.60226384305015,-122.32407734299129
Summer 2020,47.601594606350716,-122.32483162546558
Summer 2020,47.6021318266793,-122.32501594950165
Summer 2020,47.60174837576094,-122.32465818913356
Summer 2020,47.602764934685965,-122.32412454549006
Summer 2020,47.603076155008246,-122.32435797224521
Summer 2020,47.601651023505475,-122.32496670848721
Summer 2020,47.60176050993429,-122.32487490629966
Summer 2020,47.601483957642635,-122.32488138824243
Summer 2020,47.60415037817094,-122.32612562809332
Summer 2020,47.60389793466894,-122.32671471228929
Summer 2020,47.604627841713416,-122.32617025189603
Summer 2020,47.60465101510676,-122.32670029971142
Summer 2020,47.60501940652794,-122.32648797999494
Summer 2020,47.60412034306208,-122.3263856031613
Summer 2020,47.60403798798462,-122.3265447753854
Summer 2020,47.60447236420705,-122.32628501928002
Summer 2020,47.6042718161782,-122.32664072692141
Summer 2020,47.60491994359874,-122.32702712231499
Summer 2020,47.603757529153384,-122.32571321176982
Summer 2020,47.60397575659806,-122.32543834006765
Summer 2020,47.60413717650809,-122.3261224305623
Summer 2020,47.60349042573291,-122.32522481045059
Summer 2020,47.603113595317936,-122.32573703210936
Summer 2020,47.60270433954478,-122.32583210167996
Summer 2020,47.60340804762915,-122.32521134689792
Summer 2020,47.60262297838654,-122.32513312063836
Summer 2020,47.60258390990833,-122.32603536951378
Summer 2020,47.603592499005785,-122.32559897705593
Summer 2020,47.60418405896801,-122.32610124409862
Summer 2020,47.602738960679616,-122.32592617673103
Summer 2020,47.60337833490624,-122.3255869550986
Summer 2020,47.603275378804916,-122.32561741430109
Summer 2020,47.603603832015786,-122.325259426905
Summer 2020,47.60382257956707,-122.32585412791316
Summer 2020,47.6025392661063,-122.32578908660939
Summer 2020,47.60382377263074,-122.32533251087874
Summer 2020,47.603828171356135,-122.32593213672195
Summer 2020,47.60346120074672,-122.3260500788221
Summer 2020,47.603216090466596,-122.32587621628012
Summer 2020,47.603623922598494,-122.32511891659057
Summer 2020,47.607653421769605,-122.33169239265536
Summer 2020,47.60859962372142,-122.3314327961222
Summer 2020,47.608853547192986,-122.33098768580696
Summer 2020,47.60869063267023,-122.33132903197662
Summer 2020,47.60877767639252,-122.33155955322648
Summer 2020,47.60787675737954,-122.33114706198717
Summer 2020,47.60806044473731,-122.33080456798523
Summer 2020,47.595943278736,-122.31792445577196
Summer 2020,47.59651959950109,-122.31867282930939
Summer 2020,47.59614147370506,-122.3186325615477
Summer 2020,47.596412932064155,-122.31765677847586
Summer 2020,47.59693416969388,-122.31785385987072
Summer 2020,47.597188973488976,-122.31819407944441
Summer 2020,47.597247590024146,-122.3179860825576
Summer 2020,47.59627749205787,-122.3184780156278
Summer 2020,47.596653315974756,-122.318217461408
Summer 2020,47.59586279387979,-122.31800055504897
Summer 2020,47.59643373394964,-122.31847291143133
Summer 2020,47.59705010056799,-122.31839416233244
Summer 2020,47.596789029099114,-122.31786525324534
Summer 2020,47.59696972588544,-122.31834095921393
Summer 2020,47.596610431334,-122.31810053979463
Summer 2020,47.59642645397364,-122.31852684466224
Summer 2020,47.59629430460728,-122.31810736235414
Summer 2020,47.59670280387478,-122.31806233501258
Summer 2020,47.596105640177576,-122.31841498425436
Summer 2020,47.59593873808848,-122.31811215130949
Summer 2020,47.597082788167526,-122.31874716309444
Summer 2020,47.59629976861259,-122.31769806820806
Summer 2020,47.59653206016177,-122.31789073130825
Summer 2020,47.59633985861223,-122.31779043760284
Summer 2020,47.596215808114835,-122.31757824498472
Summer 2020,47.596057122402925,-122.31701281388249
Summer 2020,47.59672046314672,-122.317176349017
Summer 2020,47.59627783107442,-122.31710825652733
Summer 2020,47.59622446778937,-122.31750898716346
Summer 2020,47.59640936415164,-122.31746842736585
Summer 2020,47.5970560472205,-122.31731484504522
Summer 2020,47.596322508078394,-122.31896369697157
Summer 2020,47.59619674724021,-122.31968205930586
Summer 2020,47.597448400294184,-122.31936348808657
Summer 2020,47.596399160010364,-122.31902903598672
Summer 2020,47.59696737058545,-122.31972112105267
Summer 2020,47.59710773573032,-122.31933275425047
Summer 2020,47.5970276536188,-122.31967126535102
Summer 2020,47.596654414589445,-122.31895363590965
Summer 2020,47.59769160096049,-122.31934466218752
Summer 2020,47.59822813208869,-122.32165719399386
Summer 2020,47.597341345283894,-122.32157655702903
Summer 2020,47.598936151396686,-122.32176697530144
Summer 2020,47.5994664871852,-122.32115423848714
Summer 2020,47.599989834161136,-122.319207048722
Summer 2020,47.6001836576401,-122.3184499549904
Summer 2020,47.599469469486415,-122.32190137054386
Summer 2020,47.598532899149674,-122.32250506936346
Summer 2020,47.599755979119884,-122.3222870235166
Summer 2020,47.59964642244826,-122.32233267112842
Summer 2020,47.59863072627615,-122.32201061691255
Summer 2020,47.59829512924078,-122.32210603575693
Summer 2020,47.599713668943544,-122.3217967818034
Summer 2020,47.5983130264066,-122.32207257498759
Summer 2020,47.59955183891575,-122.32203461691995
Summer 2020,47.59988158863288,-122.3242446625024
Summer 2020,47.599768235817265,-122.3232064543639
Summer 2020,47.60110979595317,-122.32375223030691
Summer 2020,47.60073006785411,-122.33102324555068
Summer 2020,47.6004259602081,-122.33064053746072
Summer 2020,47.599312690119916,-122.33032410890533
Summer 2020,47.60045819456801,-122.3302569228142
Summer 2020,47.600499933330816,-122.3306031005797
Summer 2020,47.60074240430325,-122.33034073545326
Summer 2020,47.59974337753482,-122.33047116229051
Summer 2020,47.600528804931045,-122.33121037946147
Summer 2020,47.600883893273014,-122.33065683627594
Summer 2020,47.60018166076517,-122.33150129713464
Summer 2020,47.60063403090348,-122.3314961359951
Summer 2020,47.59976994760698,-122.33086899220027
Summer 2020,47.59977776523402,-122.33104445902457
Summer 2020,47.600217868944235,-122.33119387064306
Summer 2020,47.60032255942139,-122.33155764426884
Summer 2020,47.60078549051399,-122.3311624315138
Summer 2020,47.60119363939636,-122.33100895226713
Summer 2020,47.60021028260244,-122.33160040219352
Summer 2020,47.60051269524672,-122.33120614307725
Summer 2020,47.60038431458614,-122.33158125134068
Summer 2020,47.60025482941918,-122.33093255676746
Summer 2020,47.600035670382546,-122.33084885500618
Summer 2020,47.60013495174061,-122.33135145631883
Summer 2020,47.600362891414754,-122.33072077895058
Summer 2020,47.59970610485127,-122.3326926709949
Summer 2020,47.59930065630559,-122.33284554541703
Summer 2020,47.59957453358272,-122.33333796664674
Summer 2020,47.60380391273485,-122.33737136113479
Summer 2020,47.60378268832135,-122.3370283091157
Summer 2020,47.60297310281408,-122.33736638520779
Summer 2020,47.603738812266215,-122.33692320062076
Summer 2020,47.60341102516219,-122.33724362041411
Summer 2020,47.60338940596576,-122.33657868849411
Summer 2020,47.60422346592797,-122.33723511241747
Summer 2020,47.604160793563956,-122.33652271249079
Summer 2020,47.60423882006989,-122.33728506271456
Summer 2020,47.6024836765369,-122.33639113870224
Summer 2020,47.60289693204544,-122.33621722497749
Summer 2020,47.60357612704962,-122.33614116270074
Summer 2020,47.603956491868914,-122.336558471932
Summer 2020,47.603677667359406,-122.3364290560814
Summer 2020,47.60270011128997,-122.33599604866086
Summer 2020,47.60371174387016,-122.3361183689542
Summer 2020,47.60343272116758,-122.33646884322039
Summer 2020,47.6027167065102,-122.33617303799348
Summer 2020,47.603753598712004,-122.33649338339447
Summer 2020,47.60382450669249,-122.33651845469724
Summer 2020,47.60403426175473,-122.33675981796479
Summer 2020,47.60300133249643,-122.33173875876854
Summer 2020,47.602644890849135,-122.33204997762384
Summer 2020,47.60151865391171,-122.32967006821247
Summer 2020,47.60274849637019,-122.32913252607183
Summer 2020,47.601458204807614,-122.32999923915114
Summer 2020,47.60166940397127,-122.3296601136776
Summer 2020,47.60228075199557,-122.32930191721455
Summer 2020,47.602477668269806,-122.32900805115388
Summer 2020,47.6019459066597,-122.32962402021441
Summer 2020,47.602426216218895,-122.32941768040216
Summer 2020,47.60117517047971,-122.32904549370836
Summer 2020,47.60172894095733,-122.32944037935631
Summer 2020,47.601767734830524,-122.32840112428057
Summer 2020,47.60143540929243,-122.32924233925885
Summer 2020,47.6017159806885,-122.32885492853521
Summer 2020,47.60210328184992,-122.32928774110916
Summer 2020,47.60166660157878,-122.32929880512346
Summer 2020,47.60133547345234,-122.32848243732656
Summer 2020,47.60184429864721,-122.32881537310422
Summer 2020,47.60224856981788,-122.32856337506274
Summer 2020,47.6018324329571,-122.32897025607147
Summer 2020,47.602017529266966,-122.32847834459005
Summer 2020,47.60241198212571,-122.32842906699004
Summer 2020,47.601569415555005,-122.32903177371277
Summer 2020,47.60176271339236,-122.3287242542305
Summer 2020,47.60186191194567,-122.32926947102156
Summer 2020,47.60199593211582,-122.32860460298797
Summer 2020,47.60152469194057,-122.32881262026676
Summer 2020,47.60181010379121,-122.32943659490772
Summer 2020,47.60233547446948,-122.32916672106775
Summer 2020,47.60200543930353,-122.32858393362487
Summer 2020,47.60093087833312,-122.32754843042967
Summer 2020,47.60165749568945,-122.3276251614179
Summer 2020,47.601152655115754,-122.32715751817571
Summer 2020,47.600923995884465,-122.32806289056066
Summer 2020,47.6017909358933,-122.32721985540525
Summer 2020,47.60230895781928,-122.32735390144911
Summer 2020,47.60472235151338,-122.32864996835431
Summer 2020,47.60493973788466,-122.32862086502467
Summer 2020,47.605928994181774,-122.32859716051878
Summer 2020,47.6086232052498,-122.33155087276545
Summer 2020,47.60843179606636,-122.33145790577827
Summer 2020,47.60881510886772,-122.33148409412011
Summer 2020,47.60812677994903,-122.3319030967662
Summer 2020,47.60909191966529,-122.33117640934788
Summer 2020,47.60896162237087,-122.33098473759877
Summer 2020,47.55245247787216,-122.31790174458824
Summer 2020,47.55222401821307,-122.31853747359591
Summer 2020,47.55392620564122,-122.31871479706973
Summer 2020,47.553952246352566,-122.318875565566
Summer 2020,47.55328828891844,-122.31880183728461
Summer 2020,47.55384547498232,-122.31878481014286
Summer 2020,47.55387518403833,-122.318469917307
Summer 2020,47.550023612124306,-122.32484490509603
Summer 2020,47.55002855690413,-122.3247043326564
Summer 2020,47.55034794709822,-122.3239723097
Summer 2020,47.55073304874948,-122.32468386147829
Summer 2020,47.55065937998355,-122.32494396948952
Summer 2020,47.53616254578706,-122.32212280620446
Summer 2020,47.53621668317956,-122.3227374544524
Summer 2020,47.5557746777055,-122.32643772287173
Summer 2020,47.555018850695504,-122.32731922377253
Summer 2020,47.556188480814306,-122.32677819379701
Summer 2020,47.55513445957522,-122.32689533773527
Summer 2020,47.55570929671655,-122.32682138411597
Summer 2020,47.553620310175106,-122.32879225712024
Summer 2020,47.553605796812434,-122.32882488584941
Summer 2020,47.55392172246116,-122.32820412137208
Summer 2020,47.55494426216985,-122.32887679525632
Summer 2020,47.5517617846785,-122.33363246772072
Summer 2020,47.5516398890763,-122.33353816587027
Summer 2020,47.551505545137346,-122.33510872603856
Summer 2020,47.55127847812721,-122.33582483337669
Summer 2020,47.55049615524424,-122.33532067828591
Summer 2020,47.55565130945778,-122.33257206641669
Summer 2020,47.55508148398251,-122.3319916070537
Summer 2020,47.55204099379791,-122.33530472557975
Summer 2020,47.55119843780747,-122.33609463250804
Summer 2020,47.55535594896217,-122.33551427175507
Summer 2020,47.55509559593852,-122.33582572616388
Summer 2020,47.5560259675772,-122.3349121698211
Summer 2020,47.55576151312988,-122.33491340848343
Summer 2020,47.5552415351663,-122.33562762991535
Summer 2020,47.555283313561944,-122.33535229428334
Summer 2020,47.6242017903749,-122.35541672459236
Summer 2020,47.625643645961794,-122.3560281304283
Summer 2020,47.624738162179625,-122.35583875312318
Summer 2020,47.624305641973635,-122.35597318524933
Summer 2020,47.65018231379073,-122.34409519596868
Summer 2020,47.64874256636264,-122.34465538421759
Summer 2020,47.65020942367818,-122.34441586534932
Summer 2020,47.66631000860081,-122.37442581288127
Summer 2020,47.66774549738294,-122.37468177763209
Summer 2020,47.66684850010946,-122.37461464716033
Summer 2020,47.666856125840376,-122.37545927103088
Summer 2020,47.666635878309435,-122.3748309013199
Summer 2020,47.667189135665794,-122.3751400959988
Summer 2020,47.667629746911054,-122.37550068821547
Summer 2020,47.6678708053773,-122.37469909711106
Summer 2020,47.66743400391332,-122.37537426347741
Summer 2020,47.667379736448346,-122.37492499895205
Summer 2020,47.66721773639429,-122.37592739520898
Summer 2020,47.667066014037275,-122.37538588062127
Summer 2020,47.66659208217922,-122.3753074828462
Summer 2020,47.667354658694336,-122.3762374379652
Summer 2020,47.666283104126805,-122.37468633044888
Summer 2020,47.666491226975445,-122.37469309507924
Summer 2020,47.66536630596758,-122.37472014632726
Summer 2020,47.66516832926559,-122.37478692090706
Summer 2020,47.66560409533636,-122.37588613108345
Summer 2020,47.66573635731278,-122.37545908685627
Summer 2020,47.6615613363012,-122.3761123925348
Summer 2020,47.66145977908572,-122.37608687519393
Summer 2020,47.666951219136394,-122.38615943246117
Summer 2020,47.666351553990545,-122.38618129016771
Summer 2020,47.666155897885666,-122.38606115452605
Summer 2020,47.66724906362564,-122.38534543926143
Summer 2020,47.668387066877216,-122.38769798547473
Summer 2020,47.668949851820244,-122.38792944534373
Summer 2020,47.668651475437485,-122.38693005928685
Summer 2020,47.6678451476512,-122.38717763603387
Summer 2020,47.670296085997194,-122.38562997434859
Summer 2020,47.670863696985535,-122.38558061927314
Summer 2020,47.67146547398665,-122.38469957993559
Summer 2020,47.670223990773245,-122.38482347557455
Summer 2020,47.67134769941702,-122.38541362077841
Summer 2020,47.67071452113328,-122.38547628428863
Summer 2020,47.67004693102781,-122.38556125215814
Summer 2020,47.66599436253223,-122.37937314015524
Summer 2020,47.665781226445894,-122.37862432444466
Summer 2020,47.66455004442339,-122.37845548213448
Summer 2020,47.66552811266771,-122.37870549533321
Summer 2020,47.664871309819496,-122.38040984461819
Summer 2020,47.66473395780535,-122.3805671407946
Summer 2020,47.66461905620461,-122.37994471856265
Summer 2020,47.66465647645213,-122.38047794594577
Summer 2020,47.66537826399845,-122.38042921851263
Summer 2020,47.665618226866826,-122.38060146901859
